episode,length,reward
1,5000.0,2.0
2,77.0,2.0
3,88.0,8.0
4,17.0,2.0
5,125.0,6.0
6,28.0,2.0
7,37.0,1.0
8,56.0,2.0
9,17.0,1.0
10,117.0,10.0
11,66.0,5.0
12,37.0,2.0
13,37.0,4.0
14,217.0,12.0
15,125.0,16.0
16,56.0,1.0
17,76.0,4.0
18,136.0,7.0
19,69.0,10.0
20,37.0,4.0
21,46.0,4.0
22,27.0,3.0
23,78.0,8.0
24,28.0,2.0
25,86.0,5.0
26,194.0,11.0
27,38.0,4.0
28,27.0,4.0
29,57.0,2.0
30,67.0,4.0
31,106.0,9.0
32,27.0,2.0
33,115.0,10.0
34,38.0,5.0
35,37.0,5.0
36,135.0,11.0
37,37.0,4.0
38,18.0,1.0
39,27.0,4.0
40,27.0,2.0
41,17.0,0.0
42,97.0,6.0
43,56.0,4.0
44,87.0,3.0
45,27.0,3.0
46,56.0,1.0
47,17.0,2.0
48,27.0,1.0
49,37.0,6.0
50,27.0,3.0
51,106.0,6.0
52,17.0,1.0
53,56.0,7.0
54,18.0,2.0
55,27.0,3.0
56,77.0,6.0
57,18.0,2.0
58,86.0,7.0
59,58.0,4.0
60,28.0,4.0
61,29.0,4.0
62,37.0,5.0
63,46.0,3.0
64,37.0,5.0
65,18.0,3.0
66,126.0,9.0
67,27.0,2.0
68,27.0,3.0
69,115.0,9.0
70,37.0,6.0
71,17.0,2.0
72,66.0,2.0
73,27.0,1.0
74,18.0,2.0
75,37.0,3.0
76,27.0,4.0
77,46.0,3.0
78,125.0,5.0
79,27.0,4.0
80,37.0,5.0
81,17.0,2.0
82,68.0,7.0
83,17.0,1.0
84,17.0,2.0
85,58.0,8.0
86,17.0,1.0
87,76.0,6.0
88,86.0,4.0
89,37.0,5.0
90,28.0,3.0
91,37.0,6.0
92,28.0,4.0
93,18.0,2.0
94,57.0,7.0
95,27.0,1.0
96,27.0,4.0
97,28.0,1.0
98,18.0,2.0
99,333.0,22.0
100,66.0,8.0
101,17.0,3.0
102,46.0,4.0
103,28.0,3.0
104,17.0,2.0
105,68.0,5.0
106,28.0,2.0
107,157.0,10.0
108,17.0,2.0
109,27.0,4.0
110,18.0,1.0
111,38.0,5.0
112,39.0,5.0
113,38.0,1.0
114,28.0,4.0
115,17.0,2.0
116,108.0,7.0
117,38.0,6.0
118,147.0,12.0
119,58.0,6.0
120,39.0,4.0
121,17.0,1.0
122,28.0,4.0
123,105.0,9.0
124,86.0,5.0
125,18.0,1.0
126,76.0,11.0
127,37.0,3.0
128,68.0,9.0
129,46.0,7.0
130,77.0,9.0
131,97.0,5.0
132,17.0,3.0
133,17.0,2.0
134,18.0,2.0
135,165.0,12.0
136,86.0,2.0
137,86.0,1.0
138,46.0,6.0
139,18.0,3.0
140,37.0,6.0
141,47.0,4.0
142,27.0,4.0
143,37.0,6.0
144,17.0,1.0
145,77.0,3.0
146,48.0,7.0
147,68.0,11.0
148,125.0,7.0
149,27.0,3.0
150,37.0,4.0
151,135.0,4.0
152,17.0,1.0
153,17.0,3.0
154,56.0,3.0
155,17.0,2.0
156,58.0,9.0
157,17.0,2.0
158,27.0,4.0
159,99.0,10.0
160,87.0,12.0
161,28.0,3.0
162,98.0,12.0
163,17.0,2.0
164,28.0,2.0
165,186.0,11.0
166,28.0,3.0
167,56.0,8.0
168,58.0,8.0
169,18.0,3.0
170,38.0,4.0
171,27.0,4.0
172,17.0,2.0
173,77.0,7.0
174,17.0,2.0
175,87.0,3.0
176,67.0,5.0
177,38.0,6.0
178,37.0,6.0
179,38.0,4.0
180,38.0,5.0
181,28.0,4.0
182,27.0,3.0
183,17.0,2.0
184,225.0,12.0
185,57.0,9.0
186,67.0,7.0
187,27.0,2.0
188,17.0,2.0
189,37.0,5.0
190,27.0,3.0
191,48.0,7.0
192,66.0,6.0
193,17.0,2.0
194,38.0,6.0
195,78.0,5.0
196,17.0,2.0
197,17.0,1.0
198,17.0,2.0
199,47.0,4.0
200,117.0,8.0
201,27.0,2.0
202,66.0,10.0
203,46.0,4.0
204,38.0,6.0
205,77.0,6.0
206,185.0,14.0
207,66.0,10.0
208,106.0,13.0
209,38.0,6.0
210,18.0,2.0
211,46.0,1.0
212,86.0,12.0
213,48.0,8.0
214,28.0,5.0
215,76.0,3.0
216,86.0,12.0
217,27.0,3.0
218,18.0,2.0
219,17.0,2.0
220,37.0,6.0
221,87.0,8.0
222,206.0,20.0
223,38.0,4.0
224,38.0,6.0
225,106.0,5.0
226,48.0,7.0
227,38.0,6.0
228,76.0,11.0
229,27.0,4.0
230,37.0,6.0
231,28.0,3.0
232,86.0,14.0
233,29.0,5.0
234,38.0,6.0
235,37.0,5.0
236,47.0,5.0
237,38.0,6.0
238,47.0,8.0
239,27.0,4.0
240,28.0,5.0
241,37.0,7.0
242,77.0,12.0
243,29.0,5.0
244,88.0,11.0
245,28.0,4.0
246,37.0,6.0
247,27.0,3.0
248,97.0,5.0
249,27.0,4.0
250,58.0,9.0
251,38.0,5.0
252,38.0,6.0
253,58.0,8.0
254,37.0,6.0
255,17.0,3.0
256,68.0,12.0
257,18.0,3.0
258,17.0,2.0
259,37.0,6.0
260,38.0,4.0
261,17.0,2.0
262,86.0,11.0
263,38.0,6.0
264,17.0,3.0
265,39.0,5.0
266,18.0,3.0
267,37.0,4.0
268,17.0,2.0
269,46.0,6.0
270,27.0,4.0
271,17.0,2.0
272,96.0,11.0
273,28.0,4.0
274,146.0,7.0
275,56.0,9.0
276,105.0,16.0
277,38.0,5.0
278,27.0,4.0
279,46.0,7.0
280,56.0,9.0
281,17.0,3.0
282,57.0,10.0
283,17.0,3.0
284,38.0,6.0
285,47.0,8.0
286,47.0,8.0
287,67.0,11.0
288,17.0,2.0
289,27.0,4.0
290,37.0,6.0
291,69.0,12.0
292,38.0,6.0
293,56.0,9.0
294,17.0,2.0
295,145.0,9.0
296,17.0,3.0
297,37.0,7.0
298,38.0,6.0
299,48.0,9.0
300,17.0,1.0
301,17.0,2.0
302,38.0,6.0
303,46.0,8.0
304,28.0,4.0
305,89.0,12.0
306,37.0,4.0
307,27.0,3.0
308,86.0,11.0
309,18.0,1.0
310,28.0,4.0
311,39.0,6.0
312,46.0,6.0
313,57.0,10.0
314,275.0,23.0
315,18.0,3.0
316,17.0,3.0
317,48.0,9.0
318,37.0,6.0
319,27.0,5.0
320,47.0,8.0
321,27.0,4.0
322,37.0,7.0
323,28.0,5.0
324,17.0,2.0
325,39.0,5.0
326,18.0,3.0
327,37.0,7.0
328,38.0,5.0
329,39.0,7.0
330,27.0,5.0
331,28.0,4.0
332,38.0,5.0
333,17.0,3.0
334,46.0,7.0
335,67.0,8.0
336,37.0,7.0
337,17.0,3.0
338,29.0,5.0
339,49.0,9.0
340,37.0,2.0
341,38.0,7.0
342,38.0,6.0
343,17.0,2.0
344,27.0,3.0
345,18.0,3.0
346,18.0,3.0
347,97.0,4.0
348,37.0,2.0
349,38.0,6.0
350,18.0,2.0
351,18.0,2.0
352,38.0,5.0
353,29.0,5.0
354,17.0,2.0
355,18.0,3.0
356,29.0,5.0
357,18.0,3.0
358,17.0,3.0
359,27.0,3.0
360,17.0,3.0
361,66.0,10.0
362,28.0,5.0
363,38.0,6.0
364,27.0,4.0
365,27.0,4.0
366,17.0,3.0
367,27.0,5.0
368,18.0,3.0
369,39.0,7.0
370,17.0,2.0
371,49.0,7.0
372,17.0,2.0
373,18.0,3.0
374,29.0,5.0
375,47.0,7.0
376,17.0,2.0
377,17.0,2.0
378,39.0,4.0
379,38.0,6.0
380,27.0,4.0
381,37.0,7.0
382,28.0,3.0
383,29.0,5.0
384,17.0,3.0
385,17.0,3.0
386,38.0,6.0
387,98.0,17.0
388,38.0,6.0
389,46.0,7.0
390,17.0,3.0
391,57.0,11.0
392,39.0,7.0
393,58.0,10.0
394,40.0,5.0
395,27.0,4.0
396,40.0,6.0
397,27.0,4.0
398,47.0,7.0
399,38.0,6.0
400,17.0,3.0
401,77.0,11.0
402,228.0,23.0
403,17.0,2.0
404,88.0,14.0
405,77.0,13.0
406,27.0,4.0
407,17.0,3.0
408,27.0,5.0
409,27.0,2.0
410,137.0,20.0
411,27.0,2.0
412,47.0,6.0
413,157.0,14.0
414,37.0,7.0
415,37.0,7.0
416,59.0,10.0
417,183.0,23.0
418,86.0,12.0
419,47.0,8.0
420,47.0,5.0
421,107.0,15.0
422,48.0,6.0
423,28.0,4.0
424,49.0,8.0
425,28.0,5.0
426,17.0,3.0
427,17.0,3.0
428,28.0,5.0
429,17.0,3.0
430,17.0,3.0
431,37.0,6.0
432,49.0,9.0
433,17.0,3.0
434,17.0,3.0
435,29.0,4.0
436,29.0,5.0
437,37.0,3.0
438,46.0,8.0
439,27.0,4.0
440,18.0,3.0
441,18.0,3.0
442,47.0,8.0
443,17.0,1.0
444,17.0,1.0
445,17.0,0.0
446,17.0,1.0
447,17.0,1.0
448,39.0,5.0
449,18.0,3.0
450,27.0,4.0
451,27.0,4.0
452,37.0,5.0
453,17.0,3.0
454,27.0,4.0
455,18.0,3.0
456,39.0,7.0
457,37.0,6.0
458,27.0,3.0
459,156.0,13.0
460,29.0,5.0
461,28.0,5.0
462,39.0,7.0
463,27.0,5.0
464,38.0,6.0
465,237.0,23.0
466,17.0,2.0
467,47.0,8.0
468,18.0,3.0
469,39.0,5.0
470,47.0,8.0
471,17.0,3.0
472,47.0,9.0
473,27.0,4.0
474,37.0,7.0
475,96.0,7.0
476,18.0,3.0
477,18.0,3.0
478,27.0,4.0
479,18.0,3.0
480,87.0,12.0
481,29.0,5.0
482,68.0,11.0
483,56.0,9.0
484,58.0,11.0
485,17.0,3.0
486,47.0,9.0
487,66.0,11.0
488,77.0,11.0
489,18.0,3.0
490,204.0,22.0
491,97.0,9.0
492,37.0,6.0
493,196.0,18.0
494,47.0,8.0
495,47.0,9.0
496,28.0,5.0
497,115.0,11.0
498,78.0,14.0
499,29.0,5.0
500,17.0,2.0
501,27.0,5.0
502,77.0,12.0
503,37.0,5.0
504,40.0,6.0
505,57.0,9.0
506,28.0,3.0
507,17.0,1.0
508,97.0,16.0
509,37.0,4.0
510,27.0,2.0
511,27.0,2.0
512,27.0,3.0
513,17.0,3.0
514,97.0,15.0
515,66.0,12.0
516,18.0,3.0
517,27.0,4.0
518,76.0,14.0
519,89.0,14.0
520,99.0,17.0
521,58.0,11.0
522,78.0,14.0
523,17.0,3.0
524,232.0,22.0
525,29.0,5.0
526,118.0,18.0
527,118.0,18.0
528,27.0,2.0
529,46.0,6.0
530,58.0,10.0
531,98.0,15.0
532,266.0,36.0
533,27.0,4.0
534,27.0,5.0
535,38.0,6.0
536,40.0,8.0
537,237.0,25.0
538,56.0,9.0
539,46.0,6.0
540,49.0,9.0
541,59.0,10.0
542,17.0,3.0
543,17.0,3.0
544,28.0,4.0
545,47.0,9.0
546,58.0,9.0
547,66.0,12.0
548,28.0,4.0
549,38.0,7.0
550,47.0,9.0
551,28.0,5.0
552,47.0,8.0
553,98.0,16.0
554,58.0,11.0
555,38.0,7.0
556,137.0,18.0
557,17.0,2.0
558,28.0,4.0
559,165.0,18.0
560,97.0,16.0
561,18.0,3.0
562,107.0,18.0
563,138.0,22.0
564,28.0,4.0
565,17.0,3.0
566,39.0,6.0
567,17.0,1.0
568,17.0,1.0
569,37.0,4.0
570,97.0,15.0
571,227.0,23.0
572,28.0,4.0
573,18.0,3.0
574,86.0,14.0
575,223.0,20.0
576,18.0,3.0
577,98.0,12.0
578,97.0,13.0
579,17.0,2.0
580,246.0,23.0
581,57.0,8.0
582,46.0,6.0
583,17.0,0.0
584,37.0,0.0
585,37.0,1.0
586,28.0,5.0
587,27.0,4.0
588,47.0,8.0
589,117.0,19.0
590,89.0,16.0
591,37.0,7.0
592,47.0,8.0
593,210.0,23.0
594,58.0,10.0
595,66.0,10.0
596,203.0,22.0
597,28.0,5.0
598,38.0,7.0
599,18.0,3.0
600,18.0,3.0
601,17.0,3.0
602,18.0,3.0
603,37.0,7.0
604,29.0,5.0
605,18.0,3.0
606,67.0,12.0
607,194.0,22.0
608,117.0,18.0
609,76.0,12.0
610,136.0,19.0
611,86.0,13.0
612,18.0,3.0
613,18.0,3.0
614,116.0,15.0
615,18.0,3.0
616,27.0,2.0
617,136.0,20.0
618,37.0,7.0
619,106.0,15.0
620,147.0,21.0
621,192.0,22.0
622,88.0,15.0
623,29.0,5.0
624,28.0,5.0
625,38.0,6.0
626,138.0,19.0
627,67.0,10.0
628,107.0,17.0
629,79.0,15.0
630,117.0,18.0
631,49.0,8.0
632,27.0,4.0
633,59.0,10.0
634,37.0,7.0
635,97.0,18.0
636,67.0,10.0
637,138.0,18.0
638,66.0,12.0
639,29.0,3.0
640,97.0,16.0
641,105.0,14.0
642,78.0,13.0
643,47.0,8.0
644,28.0,5.0
645,58.0,9.0
646,201.0,23.0
647,106.0,17.0
648,146.0,24.0
649,69.0,13.0
650,18.0,3.0
651,58.0,11.0
652,228.0,28.0
653,18.0,3.0
654,106.0,16.0
655,39.0,6.0
656,224.0,23.0
657,17.0,2.0
658,174.0,23.0
659,77.0,9.0
660,18.0,3.0
661,128.0,20.0
662,106.0,12.0
663,47.0,8.0
664,135.0,18.0
665,29.0,4.0
666,17.0,1.0
667,48.0,8.0
668,147.0,20.0
669,316.0,45.0
670,18.0,3.0
671,58.0,11.0
672,97.0,16.0
673,27.0,5.0
674,118.0,19.0
675,28.0,5.0
676,117.0,16.0
677,37.0,3.0
678,69.0,13.0
679,17.0,2.0
680,28.0,5.0
681,18.0,3.0
682,18.0,3.0
683,18.0,3.0
684,37.0,6.0
685,47.0,9.0
686,38.0,7.0
687,58.0,11.0
688,96.0,15.0
689,128.0,18.0
690,78.0,13.0
691,59.0,9.0
692,215.0,23.0
693,155.0,20.0
694,96.0,17.0
695,306.0,43.0
696,128.0,19.0
697,98.0,15.0
698,204.0,21.0
699,189.0,23.0
700,157.0,18.0
701,17.0,0.0
702,177.0,20.0
703,49.0,8.0
704,137.0,19.0
705,18.0,3.0
706,38.0,7.0
707,108.0,20.0
708,176.0,20.0
709,205.0,20.0
710,77.0,14.0
711,66.0,12.0
712,98.0,16.0
713,37.0,6.0
714,107.0,16.0
715,137.0,20.0
716,226.0,22.0
717,232.0,22.0
718,97.0,13.0
719,231.0,23.0
720,58.0,11.0
721,28.0,5.0
722,298.0,40.0
723,126.0,16.0
724,97.0,16.0
725,39.0,6.0
726,128.0,20.0
727,87.0,12.0
728,17.0,3.0
729,183.0,23.0
730,86.0,14.0
731,69.0,13.0
732,58.0,10.0
733,39.0,4.0
734,202.0,23.0
735,97.0,16.0
736,222.0,23.0
737,56.0,9.0
738,365.0,43.0
739,116.0,14.0
740,38.0,6.0
741,128.0,16.0
742,27.0,4.0
743,17.0,3.0
744,229.0,22.0
745,58.0,10.0
746,251.0,22.0
747,17.0,1.0
748,257.0,42.0
749,98.0,17.0
750,118.0,18.0
751,28.0,5.0
752,28.0,5.0
753,258.0,37.0
754,28.0,5.0
755,28.0,5.0
756,77.0,15.0
757,88.0,15.0
758,98.0,16.0
759,98.0,17.0
760,59.0,10.0
761,284.0,22.0
762,29.0,5.0
763,28.0,5.0
764,67.0,12.0
765,195.0,22.0
766,117.0,11.0
767,128.0,20.0
768,166.0,22.0
769,137.0,17.0
770,128.0,21.0
771,69.0,10.0
772,17.0,0.0
773,88.0,3.0
774,195.0,22.0
775,18.0,3.0
776,188.0,20.0
777,79.0,15.0
778,392.0,46.0
779,213.0,22.0
780,137.0,19.0
781,279.0,33.0
782,29.0,5.0
783,222.0,22.0
784,88.0,15.0
785,325.0,41.0
786,87.0,14.0
787,47.0,9.0
788,38.0,7.0
789,136.0,19.0
790,164.0,16.0
791,262.0,22.0
792,307.0,40.0
793,118.0,15.0
794,298.0,21.0
795,178.0,22.0
796,28.0,5.0
797,219.0,23.0
798,127.0,20.0
799,17.0,2.0
800,228.0,23.0
801,271.0,22.0
802,217.0,21.0
803,97.0,6.0
804,58.0,11.0
805,58.0,8.0
806,38.0,4.0
807,89.0,14.0
808,244.0,23.0
809,98.0,14.0
810,217.0,36.0
811,258.0,23.0
812,27.0,5.0
813,87.0,12.0
814,27.0,5.0
815,38.0,7.0
816,105.0,15.0
817,86.0,15.0
818,38.0,6.0
819,87.0,16.0
820,106.0,18.0
821,98.0,16.0
822,29.0,5.0
823,277.0,36.0
824,17.0,2.0
825,47.0,8.0
826,38.0,6.0
827,78.0,13.0
828,96.0,14.0
829,183.0,23.0
830,67.0,12.0
831,69.0,13.0
832,221.0,23.0
833,154.0,21.0
834,147.0,17.0
835,135.0,18.0
836,97.0,15.0
837,78.0,13.0
838,27.0,5.0
839,47.0,9.0
840,86.0,14.0
841,222.0,23.0
842,88.0,14.0
843,115.0,16.0
844,128.0,18.0
845,233.0,23.0
846,106.0,18.0
847,106.0,15.0
848,254.0,23.0
849,106.0,17.0
850,193.0,20.0
851,77.0,14.0
852,155.0,18.0
853,196.0,19.0
854,27.0,4.0
855,58.0,10.0
856,184.0,23.0
857,118.0,18.0
858,39.0,7.0
859,106.0,17.0
860,137.0,21.0
861,58.0,10.0
862,128.0,16.0
863,27.0,4.0
864,86.0,11.0
865,422.0,45.0
866,86.0,15.0
867,246.0,23.0
868,106.0,16.0
869,228.0,23.0
870,146.0,17.0
871,97.0,15.0
872,155.0,20.0
873,27.0,5.0
874,167.0,28.0
875,78.0,12.0
876,27.0,5.0
877,27.0,5.0
878,27.0,5.0
879,87.0,15.0
880,17.0,2.0
881,69.0,10.0
882,205.0,23.0
883,156.0,22.0
884,233.0,23.0
885,48.0,9.0
886,27.0,5.0
887,254.0,23.0
888,127.0,18.0
889,68.0,13.0
890,193.0,21.0
891,106.0,17.0
892,166.0,21.0
893,57.0,6.0
894,27.0,5.0
895,257.0,29.0
896,59.0,9.0
897,47.0,9.0
898,222.0,21.0
899,262.0,23.0
900,77.0,14.0
901,174.0,22.0
902,46.0,7.0
903,69.0,13.0
904,217.0,23.0
905,223.0,21.0
906,27.0,5.0
907,48.0,9.0
908,96.0,15.0
909,185.0,23.0
910,38.0,3.0
911,194.0,23.0
912,147.0,19.0
913,185.0,19.0
914,97.0,14.0
915,79.0,14.0
916,27.0,4.0
917,47.0,7.0
918,98.0,16.0
919,218.0,30.0
920,268.0,39.0
921,78.0,14.0
922,88.0,15.0
923,47.0,8.0
924,69.0,12.0
925,69.0,13.0
926,155.0,20.0
927,79.0,14.0
928,106.0,16.0
929,222.0,22.0
930,227.0,23.0
931,190.0,23.0
932,69.0,13.0
933,37.0,7.0
934,118.0,18.0
935,78.0,15.0
936,235.0,20.0
937,86.0,13.0
938,87.0,15.0
939,137.0,19.0
940,145.0,18.0
941,98.0,15.0
942,219.0,23.0
943,27.0,5.0
944,137.0,19.0
945,37.0,7.0
946,27.0,5.0
947,69.0,11.0
948,57.0,8.0
949,237.0,28.0
950,27.0,5.0
951,47.0,8.0
952,245.0,23.0
953,166.0,20.0
954,79.0,14.0
955,214.0,23.0
956,204.0,19.0
957,106.0,17.0
958,254.0,21.0
959,68.0,13.0
960,97.0,16.0
961,28.0,5.0
962,232.0,23.0
963,226.0,29.0
964,86.0,15.0
965,166.0,18.0
966,213.0,23.0
967,38.0,6.0
968,27.0,4.0
969,250.0,22.0
970,28.0,5.0
971,203.0,22.0
972,413.0,43.0
973,185.0,20.0
974,37.0,7.0
975,273.0,22.0
976,56.0,10.0
977,69.0,10.0
978,205.0,18.0
979,145.0,17.0
980,86.0,13.0
981,156.0,16.0
982,356.0,39.0
983,96.0,16.0
984,125.0,18.0
985,116.0,17.0
986,501.0,64.0
987,234.0,23.0
988,105.0,17.0
989,97.0,17.0
990,212.0,23.0
991,68.0,13.0
992,186.0,19.0
993,229.0,23.0
994,230.0,23.0
995,233.0,22.0
996,126.0,17.0
997,210.0,23.0
998,46.0,8.0
999,224.0,23.0
1000,56.0,10.0
1001,107.0,17.0
1002,186.0,22.0
1003,287.0,36.0
1004,86.0,13.0
1005,194.0,23.0
1006,138.0,20.0
1007,67.0,12.0
1008,78.0,14.0
1009,107.0,18.0
1010,203.0,23.0
1011,252.0,23.0
1012,246.0,23.0
1013,216.0,23.0
1014,242.0,23.0
1015,18.0,3.0
1016,275.0,22.0
1017,99.0,17.0
1018,239.0,35.0
1019,200.0,23.0
1020,166.0,20.0
1021,198.0,23.0
1022,222.0,23.0
1023,27.0,4.0
1024,117.0,16.0
1025,195.0,23.0
1026,27.0,5.0
1027,136.0,19.0
1028,192.0,23.0
1029,18.0,3.0
1030,246.0,34.0
1031,106.0,16.0
1032,57.0,11.0
1033,235.0,22.0
1034,212.0,23.0
1035,501.0,53.0
1036,97.0,15.0
1037,97.0,16.0
1038,376.0,45.0
1039,397.0,41.0
1040,156.0,21.0
1041,191.0,22.0
1042,262.0,22.0
1043,189.0,23.0
1044,87.0,15.0
1045,148.0,18.0
1046,203.0,23.0
1047,223.0,23.0
1048,118.0,16.0
1049,256.0,39.0
1050,427.0,47.0
1051,247.0,20.0
1052,57.0,10.0
1053,199.0,23.0
1054,107.0,16.0
1055,166.0,21.0
1056,88.0,12.0
1057,242.0,23.0
1058,250.0,20.0
1059,146.0,21.0
1060,38.0,3.0
1061,199.0,23.0
1062,118.0,17.0
1063,223.0,22.0
1064,243.0,23.0
1065,116.0,17.0
1066,108.0,17.0
1067,207.0,23.0
1068,58.0,10.0
1069,184.0,23.0
1070,27.0,5.0
1071,79.0,12.0
1072,223.0,23.0
1073,105.0,17.0
1074,79.0,11.0
1075,236.0,23.0
1076,258.0,23.0
1077,147.0,19.0
1078,240.0,23.0
1079,199.0,23.0
1080,190.0,23.0
1081,166.0,23.0
1082,37.0,2.0
1083,18.0,3.0
1084,198.0,23.0
1085,128.0,19.0
1086,39.0,7.0
1087,68.0,10.0
1088,108.0,17.0
1089,232.0,23.0
1090,138.0,19.0
1091,57.0,10.0
1092,98.0,17.0
1093,79.0,13.0
1094,99.0,17.0
1095,266.0,37.0
1096,233.0,20.0
1097,327.0,43.0
1098,205.0,23.0
1099,156.0,21.0
1100,89.0,15.0
1101,213.0,22.0
1102,242.0,23.0
1103,184.0,20.0
1104,18.0,3.0
1105,18.0,3.0
1106,254.0,21.0
1107,372.0,23.0
1108,155.0,19.0
1109,217.0,23.0
1110,221.0,23.0
1111,196.0,22.0
1112,356.0,44.0
1113,227.0,22.0
1114,203.0,23.0
1115,386.0,47.0
1116,183.0,23.0
1117,219.0,22.0
1118,225.0,22.0
1119,96.0,16.0
1120,234.0,23.0
1121,232.0,22.0
1122,18.0,3.0
1123,207.0,23.0
1124,209.0,31.0
1125,195.0,19.0
1126,96.0,15.0
1127,213.0,21.0
1128,252.0,23.0
1129,378.0,22.0
1130,86.0,12.0
1131,214.0,23.0
1132,222.0,23.0
1133,230.0,20.0
1134,117.0,16.0
1135,226.0,23.0
1136,40.0,7.0
1137,267.0,20.0
1138,221.0,23.0
1139,154.0,20.0
1140,208.0,23.0
1141,237.0,29.0
1142,240.0,23.0
1143,327.0,46.0
1144,18.0,3.0
1145,18.0,3.0
1146,381.0,47.0
1147,216.0,23.0
1148,306.0,22.0
1149,336.0,46.0
1150,17.0,2.0
1151,192.0,23.0
1152,105.0,17.0
1153,231.0,23.0
1154,28.0,4.0
1155,96.0,14.0
1156,97.0,14.0
1157,180.0,23.0
1158,106.0,17.0
1159,27.0,5.0
1160,126.0,19.0
1161,96.0,16.0
1162,272.0,23.0
1163,18.0,3.0
1164,215.0,23.0
1165,18.0,3.0
1166,307.0,41.0
1167,199.0,23.0
1168,228.0,23.0
1169,229.0,23.0
1170,215.0,23.0
1171,184.0,22.0
1172,47.0,8.0
1173,198.0,22.0
1174,213.0,23.0
1175,78.0,12.0
1176,216.0,23.0
1177,237.0,23.0
1178,250.0,22.0
1179,471.0,47.0
1180,454.0,46.0
1181,196.0,23.0
1182,56.0,10.0
1183,405.0,47.0
1184,198.0,22.0
1185,207.0,26.0
1186,206.0,23.0
1187,211.0,22.0
1188,136.0,20.0
1189,411.0,46.0
1190,430.0,47.0
1191,108.0,18.0
1192,246.0,22.0
1193,205.0,23.0
1194,147.0,18.0
1195,194.0,23.0
1196,175.0,20.0
1197,249.0,23.0
1198,250.0,23.0
1199,267.0,30.0
1200,28.0,5.0
1201,58.0,10.0
1202,96.0,16.0
1203,191.0,22.0
1204,88.0,14.0
1205,207.0,28.0
1206,58.0,11.0
1207,206.0,21.0
1208,284.0,17.0
1209,219.0,23.0
1210,135.0,13.0
1211,237.0,22.0
1212,86.0,13.0
1213,185.0,23.0
1214,238.0,22.0
1215,275.0,20.0
1216,128.0,19.0
1217,27.0,4.0
1218,59.0,10.0
1219,182.0,23.0
1220,105.0,15.0
1221,357.0,44.0
1222,28.0,3.0
1223,165.0,19.0
1224,197.0,26.0
1225,88.0,15.0
1226,186.0,27.0
1227,217.0,23.0
1228,501.0,54.0
1229,117.0,17.0
1230,214.0,21.0
1231,487.0,47.0
1232,194.0,23.0
1233,243.0,23.0
1234,89.0,16.0
1235,195.0,22.0
1236,217.0,23.0
1237,39.0,7.0
1238,127.0,18.0
1239,405.0,46.0
1240,226.0,31.0
1241,96.0,15.0
1242,118.0,16.0
1243,501.0,69.0
1244,415.0,46.0
1245,207.0,23.0
1246,201.0,23.0
1247,254.0,23.0
1248,86.0,15.0
1249,39.0,7.0
1250,243.0,23.0
1251,222.0,23.0
1252,186.0,21.0
1253,106.0,16.0
1254,118.0,19.0
1255,501.0,69.0
1256,392.0,47.0
1257,37.0,7.0
1258,342.0,47.0
1259,191.0,23.0
1260,27.0,5.0
1261,227.0,23.0
1262,501.0,70.0
1263,27.0,5.0
1264,244.0,22.0
1265,347.0,45.0
1266,189.0,23.0
1267,39.0,7.0
1268,203.0,23.0
1269,89.0,14.0
1270,105.0,17.0
1271,202.0,23.0
1272,220.0,23.0
1273,195.0,23.0
1274,231.0,22.0
1275,38.0,7.0
1276,223.0,23.0
1277,48.0,9.0
1278,394.0,45.0
1279,217.0,23.0
1280,258.0,39.0
1281,193.0,23.0
1282,387.0,60.0
1283,225.0,20.0
1284,239.0,30.0
1285,362.0,47.0
1286,247.0,26.0
1287,313.0,23.0
1288,108.0,17.0
1289,18.0,3.0
1290,424.0,43.0
1291,47.0,9.0
1292,165.0,22.0
1293,231.0,23.0
1294,229.0,30.0
1295,108.0,16.0
1296,146.0,19.0
1297,221.0,21.0
1298,236.0,32.0
1299,146.0,22.0
1300,211.0,22.0
1301,249.0,23.0
1302,220.0,23.0
1303,179.0,28.0
1304,268.0,28.0
1305,218.0,21.0
1306,221.0,22.0
1307,249.0,30.0
1308,422.0,47.0
1309,241.0,23.0
1310,297.0,40.0
1311,98.0,17.0
1312,217.0,28.0
1313,218.0,23.0
1314,89.0,15.0
1315,226.0,23.0
1316,397.0,47.0
1317,38.0,6.0
1318,186.0,20.0
1319,412.0,46.0
1320,155.0,21.0
1321,384.0,47.0
1322,233.0,23.0
1323,148.0,20.0
1324,29.0,5.0
1325,449.0,46.0
1326,66.0,10.0
1327,233.0,23.0
1328,250.0,22.0
1329,154.0,21.0
1330,216.0,23.0
1331,37.0,6.0
1332,245.0,22.0
1333,211.0,23.0
1334,180.0,23.0
1335,219.0,23.0
1336,416.0,47.0
1337,209.0,23.0
1338,212.0,22.0
1339,327.0,45.0
1340,204.0,23.0
1341,38.0,7.0
1342,37.0,7.0
1343,236.0,23.0
1344,207.0,23.0
1345,224.0,22.0
1346,401.0,47.0
1347,186.0,23.0
1348,250.0,22.0
1349,437.0,55.0
1350,240.0,23.0
1351,194.0,23.0
1352,220.0,23.0
1353,392.0,47.0
1354,236.0,23.0
1355,146.0,19.0
1356,252.0,18.0
1357,501.0,61.0
1358,387.0,50.0
1359,105.0,16.0
1360,18.0,3.0
1361,128.0,20.0
1362,248.0,21.0
1363,298.0,35.0
1364,176.0,21.0
1365,211.0,23.0
1366,401.0,47.0
1367,221.0,23.0
1368,217.0,23.0
1369,117.0,16.0
1370,206.0,23.0
1371,183.0,22.0
1372,137.0,21.0
1373,227.0,23.0
1374,209.0,33.0
1375,190.0,23.0
1376,174.0,23.0
1377,217.0,22.0
1378,79.0,12.0
1379,212.0,23.0
1380,106.0,15.0
1381,195.0,23.0
1382,346.0,41.0
1383,118.0,19.0
1384,226.0,23.0
1385,18.0,3.0
1386,67.0,11.0
1387,253.0,22.0
1388,185.0,21.0
1389,218.0,23.0
1390,259.0,23.0
1391,206.0,23.0
1392,264.0,23.0
1393,236.0,23.0
1394,147.0,17.0
1395,156.0,14.0
1396,196.0,21.0
1397,258.0,30.0
1398,208.0,31.0
1399,204.0,23.0
1400,225.0,22.0
1401,203.0,22.0
1402,191.0,23.0
1403,194.0,23.0
1404,417.0,47.0
1405,225.0,23.0
1406,128.0,19.0
1407,247.0,33.0
1408,202.0,23.0
1409,501.0,60.0
1410,221.0,23.0
1411,56.0,7.0
1412,155.0,18.0
1413,186.0,23.0
1414,178.0,23.0
1415,247.0,29.0
1416,57.0,10.0
1417,199.0,23.0
1418,247.0,23.0
1419,308.0,37.0
1420,178.0,23.0
1421,233.0,22.0
1422,425.0,47.0
1423,217.0,26.0
1424,224.0,23.0
1425,208.0,23.0
1426,205.0,23.0
1427,212.0,22.0
1428,217.0,23.0
1429,371.0,47.0
1430,225.0,23.0
1431,229.0,23.0
1432,210.0,23.0
1433,49.0,9.0
1434,213.0,23.0
1435,240.0,23.0
1436,189.0,23.0
1437,184.0,21.0
1438,227.0,22.0
1439,218.0,32.0
1440,242.0,23.0
1441,442.0,45.0
1442,196.0,21.0
1443,204.0,23.0
1444,157.0,15.0
1445,252.0,18.0
1446,217.0,30.0
1447,200.0,23.0
1448,246.0,23.0
1449,237.0,32.0
1450,194.0,23.0
1451,501.0,66.0
1452,212.0,23.0
1453,205.0,23.0
1454,230.0,23.0
1455,147.0,19.0
1456,279.0,36.0
1457,443.0,47.0
1458,236.0,23.0
1459,397.0,54.0
1460,242.0,21.0
1461,197.0,23.0
1462,87.0,15.0
1463,233.0,23.0
1464,210.0,23.0
1465,187.0,31.0
1466,234.0,22.0
1467,195.0,22.0
1468,439.0,47.0
1469,203.0,23.0
1470,194.0,23.0
1471,195.0,22.0
1472,47.0,8.0
1473,214.0,23.0
1474,175.0,23.0
1475,303.0,22.0
1476,205.0,23.0
1477,208.0,28.0
1478,185.0,23.0
1479,187.0,23.0
1480,424.0,47.0
1481,216.0,23.0
1482,237.0,29.0
1483,215.0,23.0
1484,238.0,23.0
1485,245.0,21.0
1486,288.0,42.0
1487,58.0,11.0
1488,18.0,3.0
1489,287.0,42.0
1490,182.0,22.0
1491,217.0,23.0
1492,217.0,31.0
1493,232.0,21.0
1494,347.0,42.0
1495,207.0,23.0
1496,205.0,23.0
1497,174.0,19.0
1498,192.0,22.0
1499,118.0,17.0
1500,115.0,15.0
1501,294.0,23.0
1502,206.0,23.0
1503,263.0,23.0
1504,107.0,16.0
1505,347.0,50.0
1506,28.0,4.0
1507,326.0,43.0
1508,198.0,28.0
1509,210.0,23.0
1510,157.0,19.0
1511,18.0,3.0
1512,251.0,23.0
1513,208.0,22.0
1514,287.0,22.0
1515,226.0,30.0
1516,414.0,47.0
1517,206.0,23.0
1518,188.0,23.0
1519,203.0,23.0
1520,501.0,64.0
1521,187.0,23.0
1522,217.0,23.0
1523,258.0,29.0
1524,88.0,15.0
1525,248.0,23.0
1526,245.0,21.0
1527,232.0,23.0
1528,175.0,19.0
1529,203.0,23.0
1530,164.0,19.0
1531,18.0,3.0
1532,249.0,22.0
1533,228.0,23.0
1534,216.0,23.0
1535,18.0,3.0
1536,217.0,31.0
1537,463.0,47.0
1538,156.0,21.0
1539,135.0,20.0
1540,221.0,23.0
1541,231.0,23.0
1542,283.0,22.0
1543,107.0,19.0
1544,106.0,18.0
1545,211.0,22.0
1546,137.0,20.0
1547,478.0,66.0
1548,204.0,23.0
1549,396.0,45.0
1550,216.0,23.0
1551,193.0,23.0
1552,235.0,22.0
1553,203.0,23.0
1554,196.0,23.0
1555,200.0,23.0
1556,188.0,22.0
1557,218.0,23.0
1558,205.0,23.0
1559,269.0,22.0
1560,266.0,33.0
1561,198.0,23.0
1562,233.0,23.0
1563,390.0,46.0
1564,306.0,39.0
1565,220.0,23.0
1566,255.0,39.0
1567,29.0,4.0
1568,501.0,66.0
1569,157.0,17.0
1570,217.0,23.0
1571,189.0,23.0
1572,289.0,22.0
1573,229.0,23.0
1574,325.0,47.0
1575,208.0,23.0
1576,399.0,47.0
1577,226.0,33.0
1578,212.0,23.0
1579,211.0,23.0
1580,58.0,10.0
1581,501.0,67.0
1582,195.0,22.0
1583,204.0,21.0
1584,106.0,16.0
1585,230.0,22.0
1586,214.0,23.0
1587,396.0,46.0
1588,89.0,16.0
1589,501.0,63.0
1590,213.0,23.0
1591,352.0,47.0
1592,372.0,47.0
1593,501.0,70.0
1594,251.0,23.0
1595,374.0,47.0
1596,384.0,46.0
1597,222.0,23.0
1598,238.0,22.0
1599,241.0,23.0
1600,387.0,47.0
1601,202.0,23.0
1602,178.0,22.0
1603,448.0,62.0
1604,200.0,28.0
1605,204.0,23.0
1606,217.0,23.0
1607,228.0,23.0
1608,354.0,46.0
1609,252.0,23.0
1610,66.0,13.0
1611,202.0,23.0
1612,251.0,23.0
1613,194.0,22.0
1614,367.0,47.0
1615,203.0,23.0
1616,267.0,23.0
1617,376.0,43.0
1618,207.0,27.0
1619,257.0,34.0
1620,204.0,23.0
1621,196.0,29.0
1622,108.0,18.0
1623,226.0,23.0
1624,227.0,32.0
1625,205.0,23.0
1626,217.0,22.0
1627,220.0,23.0
1628,218.0,23.0
1629,27.0,4.0
1630,501.0,71.0
1631,501.0,71.0
1632,216.0,23.0
1633,388.0,47.0
1634,138.0,20.0
1635,188.0,23.0
1636,234.0,22.0
1637,203.0,23.0
1638,191.0,23.0
1639,136.0,23.0
1640,435.0,47.0
1641,156.0,21.0
1642,250.0,23.0
1643,434.0,47.0
1644,267.0,23.0
1645,501.0,66.0
1646,267.0,22.0
1647,197.0,31.0
1648,449.0,46.0
1649,406.0,47.0
1650,501.0,57.0
1651,249.0,22.0
1652,188.0,28.0
1653,138.0,19.0
1654,18.0,3.0
1655,201.0,23.0
1656,58.0,10.0
1657,186.0,21.0
1658,217.0,23.0
1659,486.0,67.0
1660,434.0,47.0
1661,204.0,23.0
1662,224.0,23.0
1663,428.0,47.0
1664,249.0,23.0
1665,229.0,33.0
1666,47.0,9.0
1667,427.0,50.0
1668,18.0,3.0
1669,208.0,23.0
1670,251.0,23.0
1671,259.0,23.0
1672,195.0,23.0
1673,501.0,70.0
1674,238.0,31.0
1675,249.0,22.0
1676,217.0,23.0
1677,501.0,69.0
1678,228.0,23.0
1679,501.0,72.0
1680,193.0,23.0
1681,200.0,23.0
1682,370.0,47.0
1683,18.0,3.0
1684,237.0,30.0
1685,369.0,47.0
1686,501.0,67.0
1687,190.0,23.0
1688,256.0,22.0
1689,229.0,23.0
1690,97.0,18.0
1691,214.0,23.0
1692,230.0,23.0
1693,207.0,23.0
1694,386.0,47.0
1695,501.0,65.0
1696,368.0,46.0
1697,220.0,23.0
1698,197.0,22.0
1699,230.0,23.0
1700,224.0,23.0
1701,226.0,30.0
1702,233.0,22.0
1703,477.0,63.0
1704,136.0,15.0
1705,501.0,64.0
1706,205.0,23.0
1707,145.0,21.0
1708,219.0,23.0
1709,246.0,33.0
1710,215.0,23.0
1711,453.0,47.0
1712,78.0,12.0
1713,37.0,3.0
1714,390.0,47.0
1715,200.0,23.0
1716,382.0,47.0
1717,361.0,47.0
1718,38.0,6.0
1719,377.0,47.0
1720,199.0,23.0
1721,219.0,23.0
1722,67.0,4.0
1723,397.0,55.0
1724,389.0,47.0
1725,423.0,47.0
1726,199.0,23.0
1727,501.0,66.0
1728,128.0,19.0
1729,342.0,47.0
1730,364.0,47.0
1731,108.0,14.0
1732,297.0,34.0
1733,469.0,47.0
1734,226.0,23.0
1735,226.0,29.0
1736,207.0,23.0
1737,201.0,23.0
1738,79.0,15.0
1739,147.0,19.0
1740,137.0,18.0
1741,346.0,46.0
1742,208.0,23.0
1743,189.0,23.0
1744,227.0,23.0
1745,219.0,23.0
1746,178.0,28.0
1747,208.0,23.0
1748,208.0,23.0
1749,260.0,23.0
1750,501.0,70.0
1751,197.0,23.0
1752,235.0,23.0
1753,225.0,22.0
1754,198.0,23.0
1755,204.0,23.0
1756,219.0,23.0
1757,204.0,23.0
1758,199.0,22.0
1759,501.0,64.0
1760,204.0,22.0
1761,501.0,70.0
1762,66.0,9.0
1763,208.0,23.0
1764,205.0,23.0
1765,246.0,23.0
1766,184.0,22.0
1767,313.0,22.0
1768,240.0,22.0
1769,433.0,47.0
1770,501.0,62.0
1771,227.0,23.0
1772,106.0,14.0
1773,185.0,19.0
1774,230.0,23.0
1775,108.0,13.0
1776,17.0,2.0
1777,107.0,15.0
1778,69.0,8.0
1779,177.0,14.0
1780,57.0,7.0
1781,107.0,14.0
1782,17.0,2.0
1783,37.0,6.0
1784,258.0,23.0
1785,56.0,1.0
1786,17.0,2.0
1787,46.0,3.0
1788,17.0,2.0
1789,17.0,1.0
1790,18.0,1.0
1791,38.0,2.0
1792,46.0,1.0
1793,67.0,5.0
1794,57.0,3.0
1795,38.0,3.0
1796,67.0,6.0
1797,57.0,8.0
1798,79.0,9.0
1799,135.0,8.0
1800,46.0,1.0
1801,67.0,5.0
1802,57.0,4.0
1803,67.0,2.0
1804,46.0,1.0
1805,56.0,4.0
1806,27.0,1.0
1807,273.0,5.0
1808,77.0,3.0
1809,57.0,7.0
1810,57.0,3.0
1811,17.0,0.0
1812,98.0,9.0
1813,17.0,0.0
1814,17.0,0.0
1815,77.0,3.0
1816,289.0,22.0
1817,298.0,23.0
1818,195.0,22.0
1819,223.0,19.0
1820,250.0,22.0
1821,204.0,16.0
1822,195.0,13.0
1823,270.0,23.0
1824,283.0,23.0
1825,76.0,8.0
1826,417.0,47.0
1827,233.0,22.0
1828,259.0,22.0
1829,17.0,1.0
1830,247.0,23.0
1831,225.0,22.0
1832,66.0,9.0
1833,270.0,22.0
1834,48.0,6.0
1835,482.0,45.0
1836,177.0,20.0
1837,221.0,23.0
1838,165.0,13.0
1839,262.0,23.0
1840,136.0,16.0
1841,128.0,19.0
1842,166.0,21.0
1843,57.0,6.0
1844,138.0,16.0
1845,196.0,22.0
1846,501.0,43.0
1847,195.0,22.0
1848,196.0,22.0
1849,99.0,12.0
1850,128.0,12.0
1851,251.0,23.0
1852,58.0,7.0
1853,176.0,20.0
1854,38.0,4.0
1855,232.0,25.0
1856,46.0,5.0
1857,46.0,6.0
1858,275.0,23.0
1859,27.0,2.0
1860,158.0,16.0
1861,255.0,23.0
1862,227.0,25.0
1863,412.0,46.0
1864,167.0,21.0
1865,46.0,6.0
1866,437.0,39.0
1867,48.0,6.0
1868,222.0,22.0
1869,98.0,4.0
1870,18.0,2.0
1871,76.0,9.0
1872,146.0,20.0
1873,235.0,23.0
1874,157.0,22.0
1875,76.0,6.0
1876,236.0,23.0
1877,228.0,23.0
1878,136.0,14.0
1879,27.0,3.0
1880,46.0,6.0
1881,48.0,6.0
1882,146.0,17.0
1883,349.0,22.0
1884,57.0,7.0
1885,327.0,34.0
1886,98.0,7.0
1887,226.0,23.0
1888,229.0,22.0
1889,222.0,23.0
1890,263.0,23.0
1891,194.0,21.0
1892,206.0,23.0
1893,166.0,21.0
1894,223.0,23.0
1895,203.0,23.0
1896,192.0,25.0
1897,38.0,7.0
1898,38.0,4.0
1899,238.0,23.0
1900,147.0,20.0
1901,17.0,0.0
1902,157.0,22.0
1903,37.0,5.0
1904,125.0,10.0
1905,17.0,0.0
1906,17.0,0.0
1907,17.0,0.0
1908,17.0,0.0
1909,17.0,0.0
1910,17.0,0.0
1911,17.0,0.0
1912,17.0,0.0
1913,17.0,0.0
1914,17.0,0.0
1915,17.0,0.0
1916,17.0,0.0
1917,17.0,0.0
1918,17.0,0.0
1919,17.0,0.0
1920,17.0,0.0
1921,17.0,0.0
1922,17.0,0.0
1923,17.0,0.0
1924,28.0,2.0
1925,17.0,0.0
1926,238.0,23.0
1927,46.0,7.0
1928,105.0,14.0
1929,267.0,36.0
1930,117.0,14.0
1931,247.0,23.0
1932,267.0,23.0
1933,206.0,23.0
1934,307.0,40.0
1935,239.0,23.0
1936,137.0,20.0
1937,97.0,5.0
1938,191.0,23.0
1939,245.0,22.0
1940,87.0,12.0
1941,137.0,20.0
1942,166.0,22.0
1943,27.0,2.0
1944,208.0,23.0
1945,66.0,11.0
1946,244.0,23.0
1947,28.0,5.0
1948,236.0,23.0
1949,236.0,23.0
1950,234.0,22.0
1951,354.0,41.0
1952,17.0,0.0
1953,17.0,0.0
1954,501.0,52.0
1955,38.0,4.0
1956,214.0,22.0
1957,128.0,20.0
1958,97.0,14.0
1959,117.0,17.0
1960,105.0,17.0
1961,69.0,10.0
1962,136.0,18.0
1963,501.0,46.0
1964,46.0,6.0
1965,492.0,47.0
1966,196.0,23.0
1967,410.0,47.0
1968,217.0,30.0
1969,457.0,47.0
1970,198.0,21.0
1971,211.0,23.0
1972,230.0,23.0
1973,241.0,22.0
1974,197.0,23.0
1975,202.0,23.0
1976,86.0,4.0
1977,501.0,59.0
1978,219.0,23.0
1979,156.0,22.0
1980,77.0,12.0
1981,56.0,8.0
1982,232.0,23.0
1983,250.0,23.0
1984,224.0,23.0
1985,214.0,22.0
1986,107.0,17.0
1987,240.0,23.0
1988,284.0,23.0
1989,501.0,68.0
1990,68.0,9.0
1991,217.0,23.0
1992,501.0,61.0
1993,28.0,3.0
1994,501.0,63.0
1995,386.0,46.0
1996,469.0,47.0
1997,261.0,23.0
1998,337.0,47.0
1999,423.0,47.0
2000,244.0,23.0
2001,347.0,35.0
2002,217.0,23.0
2003,429.0,47.0
2004,252.0,21.0
2005,424.0,47.0
2006,77.0,12.0
2007,401.0,46.0
2008,39.0,6.0
2009,178.0,23.0
2010,439.0,58.0
2011,215.0,23.0
2012,77.0,11.0
2013,198.0,23.0
2014,165.0,15.0
2015,254.0,22.0
2016,317.0,35.0
2017,206.0,23.0
2018,66.0,10.0
2019,277.0,39.0
2020,66.0,10.0
2021,389.0,47.0
2022,27.0,2.0
2023,206.0,23.0
2024,436.0,46.0
2025,37.0,6.0
2026,246.0,23.0
2027,175.0,24.0
2028,250.0,23.0
2029,396.0,45.0
2030,233.0,23.0
2031,422.0,47.0
2032,27.0,2.0
2033,376.0,45.0
2034,117.0,17.0
2035,231.0,23.0
2036,66.0,10.0
2037,239.0,23.0
2038,201.0,23.0
2039,185.0,23.0
2040,199.0,23.0
2041,214.0,23.0
2042,248.0,37.0
2043,207.0,23.0
2044,276.0,22.0
2045,226.0,23.0
2046,96.0,9.0
2047,219.0,23.0
2048,238.0,32.0
2049,229.0,23.0
2050,244.0,23.0
2051,216.0,23.0
2052,222.0,23.0
2053,203.0,23.0
2054,501.0,70.0
2055,258.0,28.0
2056,219.0,23.0
2057,231.0,23.0
2058,28.0,3.0
2059,77.0,10.0
2060,237.0,22.0
2061,387.0,47.0
2062,239.0,23.0
2063,233.0,23.0
2064,146.0,21.0
2065,127.0,14.0
2066,213.0,23.0
2067,138.0,19.0
2068,27.0,3.0
2069,69.0,9.0
2070,237.0,23.0
2071,263.0,23.0
2072,17.0,1.0
2073,225.0,23.0
2074,269.0,22.0
2075,256.0,30.0
2076,128.0,13.0
2077,222.0,23.0
2078,258.0,23.0
2079,259.0,33.0
2080,242.0,23.0
2081,246.0,30.0
2082,28.0,3.0
2083,245.0,23.0
2084,165.0,18.0
2085,385.0,46.0
2086,48.0,7.0
2087,58.0,8.0
2088,193.0,23.0
2089,106.0,15.0
2090,47.0,6.0
2091,268.0,23.0
2092,107.0,14.0
2093,501.0,60.0
2094,230.0,23.0
2095,138.0,19.0
2096,246.0,23.0
2097,217.0,22.0
2098,17.0,1.0
2099,137.0,19.0
2100,203.0,22.0
2101,47.0,6.0
2102,136.0,14.0
2103,47.0,6.0
2104,46.0,6.0
2105,167.0,19.0
2106,215.0,23.0
2107,27.0,3.0
2108,233.0,23.0
2109,245.0,23.0
2110,217.0,23.0
2111,235.0,23.0
2112,417.0,47.0
2113,374.0,45.0
2114,57.0,8.0
2115,137.0,18.0
2116,164.0,19.0
2117,164.0,19.0
2118,47.0,6.0
2119,246.0,23.0
2120,48.0,6.0
2121,118.0,16.0
2122,48.0,7.0
2123,68.0,9.0
2124,185.0,21.0
2125,216.0,23.0
2126,230.0,23.0
2127,128.0,18.0
2128,222.0,23.0
2129,96.0,15.0
2130,239.0,33.0
2131,28.0,3.0
2132,405.0,40.0
2133,296.0,23.0
2134,407.0,47.0
2135,304.0,23.0
2136,204.0,18.0
2137,68.0,9.0
2138,58.0,8.0
2139,236.0,22.0
2140,273.0,23.0
2141,148.0,18.0
2142,222.0,23.0
2143,459.0,52.0
2144,249.0,23.0
2145,147.0,19.0
2146,261.0,23.0
2147,222.0,22.0
2148,67.0,11.0
2149,206.0,23.0
2150,237.0,22.0
2151,246.0,23.0
2152,68.0,10.0
2153,98.0,16.0
2154,186.0,22.0
2155,98.0,14.0
2156,66.0,8.0
2157,220.0,23.0
2158,268.0,29.0
2159,257.0,36.0
2160,269.0,23.0
2161,28.0,3.0
2162,367.0,46.0
2163,106.0,15.0
2164,167.0,21.0
2165,209.0,23.0
2166,39.0,7.0
2167,227.0,23.0
2168,17.0,2.0
2169,228.0,23.0
2170,184.0,18.0
2171,396.0,47.0
2172,39.0,7.0
2173,223.0,20.0
2174,214.0,23.0
2175,228.0,30.0
2176,98.0,9.0
2177,57.0,3.0
2178,469.0,59.0
2179,68.0,12.0
2180,136.0,18.0
2181,249.0,22.0
2182,501.0,61.0
2183,67.0,8.0
2184,67.0,10.0
2185,427.0,47.0
2186,198.0,30.0
2187,402.0,45.0
2188,270.0,23.0
2189,58.0,7.0
2190,269.0,23.0
2191,259.0,23.0
2192,128.0,15.0
2193,286.0,23.0
2194,242.0,23.0
2195,223.0,23.0
2196,218.0,21.0
2197,384.0,46.0
2198,215.0,23.0
2199,216.0,23.0
2200,38.0,4.0
2201,201.0,23.0
2202,117.0,15.0
2203,248.0,23.0
2204,77.0,11.0
2205,138.0,19.0
2206,209.0,23.0
2207,375.0,40.0
2208,239.0,23.0
2209,76.0,9.0
2210,66.0,9.0
2211,57.0,9.0
2212,28.0,2.0
2213,213.0,23.0
2214,238.0,23.0
2215,271.0,21.0
2216,233.0,23.0
2217,222.0,23.0
2218,247.0,20.0
2219,47.0,6.0
2220,244.0,23.0
2221,301.0,23.0
2222,199.0,23.0
2223,155.0,18.0
2224,233.0,22.0
2225,232.0,23.0
2226,486.0,47.0
2227,364.0,43.0
2228,215.0,23.0
2229,441.0,47.0
2230,216.0,23.0
2231,191.0,23.0
2232,256.0,30.0
2233,78.0,11.0
2234,108.0,15.0
2235,213.0,21.0
2236,395.0,47.0
2237,238.0,23.0
2238,117.0,17.0
2239,99.0,15.0
2240,501.0,65.0
2241,463.0,47.0
2242,307.0,35.0
2243,66.0,10.0
2244,147.0,21.0
2245,494.0,69.0
2246,240.0,23.0
2247,87.0,11.0
2248,237.0,32.0
2249,198.0,23.0
2250,255.0,23.0
2251,262.0,23.0
2252,56.0,8.0
2253,76.0,9.0
2254,266.0,33.0
2255,209.0,23.0
2256,318.0,41.0
2257,214.0,22.0
2258,173.0,18.0
2259,261.0,23.0
2260,223.0,22.0
2261,204.0,22.0
2262,27.0,2.0
2263,78.0,10.0
2264,252.0,22.0
2265,224.0,23.0
2266,266.0,23.0
2267,234.0,23.0
2268,213.0,22.0
2269,274.0,23.0
2270,215.0,22.0
2271,118.0,17.0
2272,68.0,10.0
2273,212.0,23.0
2274,271.0,22.0
2275,231.0,21.0
2276,97.0,16.0
2277,446.0,57.0
2278,89.0,15.0
2279,246.0,33.0
2280,107.0,14.0
2281,68.0,11.0
2282,226.0,23.0
2283,215.0,23.0
2284,236.0,34.0
2285,203.0,23.0
2286,416.0,47.0
2287,46.0,6.0
2288,501.0,52.0
2289,57.0,8.0
2290,147.0,16.0
2291,48.0,6.0
2292,38.0,7.0
2293,28.0,2.0
2294,210.0,23.0
2295,87.0,11.0
2296,107.0,15.0
2297,227.0,23.0
2298,59.0,8.0
2299,501.0,62.0
2300,283.0,23.0
2301,473.0,43.0
2302,411.0,46.0
2303,199.0,22.0
2304,59.0,8.0
2305,204.0,23.0
2306,105.0,17.0
2307,243.0,23.0
2308,59.0,9.0
2309,59.0,8.0
2310,254.0,22.0
2311,233.0,23.0
2312,118.0,14.0
2313,203.0,23.0
2314,248.0,29.0
2315,243.0,23.0
2316,137.0,16.0
2317,38.0,4.0
2318,212.0,23.0
2319,138.0,19.0
2320,220.0,23.0
2321,118.0,17.0
2322,282.0,23.0
2323,79.0,12.0
2324,38.0,6.0
2325,209.0,23.0
2326,58.0,8.0
2327,404.0,47.0
2328,501.0,62.0
2329,216.0,22.0
2330,49.0,7.0
2331,214.0,23.0
2332,216.0,23.0
2333,244.0,23.0
2334,235.0,23.0
2335,222.0,22.0
2336,147.0,20.0
2337,279.0,36.0
2338,256.0,34.0
2339,17.0,1.0
2340,248.0,23.0
2341,228.0,23.0
2342,199.0,22.0
2343,200.0,23.0
2344,230.0,23.0
2345,216.0,23.0
2346,27.0,2.0
2347,137.0,18.0
2348,17.0,1.0
2349,220.0,23.0
2350,67.0,9.0
2351,17.0,1.0
2352,286.0,34.0
2353,97.0,15.0
2354,202.0,22.0
2355,220.0,22.0
2356,247.0,29.0
2357,38.0,5.0
2358,38.0,4.0
2359,501.0,63.0
2360,239.0,23.0
2361,213.0,23.0
2362,56.0,8.0
2363,233.0,23.0
2364,48.0,6.0
2365,154.0,17.0
2366,49.0,7.0
2367,260.0,19.0
2368,194.0,20.0
2369,207.0,23.0
2370,398.0,47.0
2371,136.0,18.0
2372,38.0,5.0
2373,267.0,34.0
2374,236.0,23.0
2375,46.0,5.0
2376,396.0,47.0
2377,238.0,32.0
2378,297.0,38.0
2379,213.0,23.0
2380,17.0,1.0
2381,69.0,10.0
2382,17.0,0.0
2383,154.0,22.0
2384,403.0,47.0
2385,218.0,23.0
2386,106.0,16.0
2387,117.0,17.0
2388,501.0,67.0
2389,18.0,3.0
2390,247.0,35.0
2391,135.0,16.0
2392,69.0,11.0
2393,257.0,33.0
2394,116.0,13.0
2395,451.0,46.0
2396,288.0,41.0
2397,89.0,13.0
2398,458.0,47.0
2399,117.0,16.0
2400,501.0,68.0
2401,208.0,28.0
2402,421.0,47.0
2403,244.0,23.0
2404,157.0,22.0
2405,229.0,23.0
2406,219.0,23.0
2407,247.0,22.0
2408,38.0,5.0
2409,135.0,19.0
2410,249.0,35.0
2411,432.0,47.0
2412,240.0,23.0
2413,86.0,8.0
2414,230.0,23.0
2415,324.0,38.0
2416,265.0,23.0
2417,232.0,22.0
2418,200.0,23.0
2419,264.0,23.0
2420,38.0,5.0
2421,296.0,37.0
2422,56.0,9.0
2423,27.0,3.0
2424,27.0,2.0
2425,38.0,5.0
2426,38.0,4.0
2427,501.0,65.0
2428,49.0,7.0
2429,247.0,39.0
2430,244.0,22.0
2431,56.0,8.0
2432,445.0,47.0
2433,27.0,2.0
2434,27.0,2.0
2435,501.0,61.0
2436,268.0,22.0
2437,148.0,17.0
2438,221.0,23.0
2439,66.0,10.0
2440,58.0,10.0
2441,227.0,23.0
2442,202.0,23.0
2443,196.0,23.0
2444,49.0,7.0
2445,38.0,4.0
2446,56.0,8.0
2447,251.0,23.0
2448,17.0,1.0
2449,306.0,33.0
2450,250.0,22.0
2451,221.0,23.0
2452,66.0,11.0
2453,58.0,10.0
2454,230.0,21.0
2455,67.0,10.0
2456,243.0,23.0
2457,230.0,23.0
2458,451.0,46.0
2459,222.0,22.0
2460,128.0,20.0
2461,127.0,15.0
2462,38.0,4.0
2463,37.0,2.0
2464,268.0,23.0
2465,204.0,23.0
2466,39.0,5.0
2467,203.0,23.0
2468,222.0,23.0
2469,116.0,18.0
2470,226.0,29.0
2471,207.0,23.0
2472,215.0,23.0
2473,225.0,22.0
2474,175.0,22.0
2475,243.0,23.0
2476,146.0,22.0
2477,89.0,13.0
2478,225.0,23.0
2479,391.0,47.0
2480,218.0,22.0
2481,190.0,23.0
2482,38.0,5.0
2483,66.0,10.0
2484,206.0,22.0
2485,207.0,23.0
2486,228.0,23.0
2487,46.0,5.0
2488,226.0,23.0
2489,38.0,5.0
2490,98.0,16.0
2491,79.0,12.0
2492,209.0,23.0
2493,165.0,20.0
2494,253.0,23.0
2495,377.0,43.0
2496,441.0,47.0
2497,365.0,43.0
2498,246.0,31.0
2499,401.0,47.0
2500,222.0,23.0
2501,38.0,5.0
2502,238.0,23.0
2503,66.0,9.0
2504,87.0,12.0
2505,501.0,65.0
2506,214.0,23.0
2507,165.0,18.0
2508,27.0,3.0
2509,66.0,9.0
2510,297.0,41.0
2511,278.0,36.0
2512,226.0,23.0
2513,39.0,4.0
2514,59.0,8.0
2515,190.0,23.0
2516,234.0,23.0
2517,227.0,23.0
2518,409.0,47.0
2519,233.0,23.0
2520,190.0,23.0
2521,394.0,47.0
2522,262.0,22.0
2523,241.0,22.0
2524,28.0,3.0
2525,27.0,2.0
2526,216.0,23.0
2527,66.0,9.0
2528,223.0,23.0
2529,228.0,23.0
2530,46.0,6.0
2531,47.0,6.0
2532,66.0,11.0
2533,99.0,15.0
2534,146.0,19.0
2535,194.0,23.0
2536,409.0,54.0
2537,48.0,6.0
2538,184.0,22.0
2539,56.0,8.0
2540,118.0,14.0
2541,194.0,23.0
2542,256.0,35.0
2543,88.0,14.0
2544,200.0,23.0
2545,107.0,18.0
2546,56.0,8.0
2547,57.0,8.0
2548,77.0,12.0
2549,97.0,14.0
2550,208.0,23.0
2551,86.0,14.0
2552,99.0,18.0
2553,202.0,23.0
2554,38.0,5.0
2555,437.0,59.0
2556,205.0,23.0
2557,259.0,34.0
2558,234.0,23.0
2559,59.0,9.0
2560,257.0,39.0
2561,193.0,22.0
2562,293.0,23.0
2563,77.0,10.0
2564,89.0,13.0
2565,28.0,3.0
2566,229.0,23.0
2567,87.0,14.0
2568,66.0,10.0
2569,46.0,5.0
2570,227.0,23.0
2571,382.0,47.0
2572,137.0,22.0
2573,28.0,2.0
2574,261.0,21.0
2575,501.0,63.0
2576,217.0,23.0
2577,207.0,23.0
2578,233.0,23.0
2579,246.0,31.0
2580,210.0,23.0
2581,253.0,22.0
2582,377.0,55.0
2583,136.0,20.0
2584,177.0,20.0
2585,204.0,23.0
2586,237.0,22.0
2587,208.0,23.0
2588,210.0,23.0
2589,38.0,5.0
2590,384.0,46.0
2591,198.0,28.0
2592,117.0,14.0
2593,368.0,38.0
2594,236.0,23.0
2595,204.0,23.0
2596,234.0,23.0
2597,211.0,23.0
2598,232.0,23.0
2599,250.0,23.0
2600,206.0,23.0
2601,37.0,5.0
2602,138.0,19.0
2603,226.0,23.0
2604,187.0,28.0
2605,47.0,8.0
2606,46.0,6.0
2607,239.0,30.0
2608,175.0,21.0
2609,17.0,1.0
2610,27.0,4.0
2611,17.0,1.0
2612,260.0,23.0
2613,306.0,40.0
2614,282.0,23.0
2615,327.0,39.0
2616,128.0,20.0
2617,66.0,11.0
2618,264.0,23.0
2619,352.0,47.0
2620,202.0,23.0
2621,196.0,23.0
2622,213.0,23.0
2623,228.0,23.0
2624,377.0,47.0
2625,67.0,10.0
2626,230.0,23.0
2627,79.0,13.0
2628,413.0,47.0
2629,66.0,10.0
2630,69.0,10.0
2631,106.0,15.0
2632,28.0,3.0
2633,98.0,14.0
2634,210.0,23.0
2635,97.0,14.0
2636,235.0,23.0
2637,99.0,18.0
2638,227.0,28.0
2639,69.0,10.0
2640,212.0,23.0
2641,28.0,2.0
2642,333.0,46.0
2643,501.0,65.0
2644,247.0,38.0
2645,390.0,47.0
2646,474.0,46.0
2647,209.0,23.0
2648,205.0,23.0
2649,156.0,22.0
2650,376.0,46.0
2651,238.0,23.0
2652,47.0,6.0
2653,295.0,44.0
2654,246.0,31.0
2655,137.0,22.0
2656,245.0,23.0
2657,135.0,14.0
2658,229.0,23.0
2659,247.0,27.0
2660,28.0,3.0
2661,47.0,6.0
2662,408.0,47.0
2663,245.0,22.0
2664,193.0,23.0
2665,28.0,3.0
2666,232.0,23.0
2667,174.0,23.0
2668,375.0,46.0
2669,46.0,5.0
2670,221.0,23.0
2671,208.0,23.0
2672,57.0,8.0
2673,406.0,47.0
2674,77.0,9.0
2675,209.0,23.0
2676,37.0,4.0
2677,225.0,23.0
2678,209.0,23.0
2679,234.0,23.0
2680,38.0,6.0
2681,47.0,6.0
2682,27.0,3.0
2683,249.0,22.0
2684,126.0,17.0
2685,370.0,47.0
2686,198.0,27.0
2687,48.0,6.0
2688,211.0,23.0
2689,249.0,23.0
2690,187.0,23.0
2691,98.0,16.0
2692,212.0,23.0
2693,430.0,46.0
2694,224.0,23.0
2695,205.0,23.0
2696,204.0,23.0
2697,199.0,23.0
2698,296.0,41.0
2699,230.0,23.0
2700,213.0,23.0
2701,165.0,19.0
2702,364.0,47.0
2703,38.0,5.0
2704,17.0,1.0
2705,225.0,23.0
2706,424.0,46.0
2707,270.0,23.0
2708,501.0,60.0
2709,216.0,30.0
2710,79.0,12.0
2711,28.0,3.0
2712,66.0,12.0
2713,37.0,2.0
2714,227.0,23.0
2715,379.0,47.0
2716,137.0,18.0
2717,37.0,5.0
2718,38.0,4.0
2719,217.0,33.0
2720,336.0,45.0
2721,231.0,23.0
2722,225.0,23.0
2723,305.0,40.0
2724,256.0,36.0
2725,38.0,4.0
2726,417.0,54.0
2727,106.0,16.0
2728,223.0,21.0
2729,208.0,23.0
2730,241.0,23.0
2731,38.0,4.0
2732,221.0,23.0
2733,203.0,23.0
2734,221.0,23.0
2735,39.0,5.0
2736,356.0,47.0
2737,66.0,9.0
2738,57.0,8.0
2739,89.0,13.0
2740,316.0,40.0
2741,395.0,47.0
2742,67.0,11.0
2743,96.0,15.0
2744,206.0,23.0
2745,107.0,16.0
2746,28.0,3.0
2747,217.0,28.0
2748,185.0,22.0
2749,28.0,5.0
2750,118.0,17.0
2751,147.0,23.0
2752,387.0,51.0
2753,222.0,22.0
2754,442.0,47.0
2755,117.0,16.0
2756,205.0,23.0
2757,212.0,22.0
2758,86.0,13.0
2759,475.0,59.0
2760,98.0,15.0
2761,452.0,46.0
2762,213.0,23.0
2763,251.0,22.0
2764,417.0,47.0
2765,86.0,13.0
2766,37.0,5.0
2767,215.0,23.0
2768,87.0,14.0
2769,250.0,23.0
2770,479.0,47.0
2771,429.0,46.0
2772,229.0,23.0
2773,181.0,22.0
2774,194.0,23.0
2775,225.0,23.0
2776,279.0,37.0
2777,238.0,26.0
2778,157.0,22.0
2779,86.0,13.0
2780,296.0,43.0
2781,89.0,15.0
2782,107.0,16.0
2783,137.0,20.0
2784,256.0,38.0
2785,421.0,47.0
2786,217.0,23.0
2787,325.0,23.0
2788,236.0,36.0
2789,211.0,23.0
2790,37.0,4.0
2791,118.0,20.0
2792,66.0,9.0
2793,277.0,39.0
2794,197.0,23.0
2795,193.0,23.0
2796,236.0,23.0
2797,247.0,36.0
2798,194.0,23.0
2799,198.0,23.0
2800,417.0,47.0
2801,241.0,22.0
2802,347.0,50.0
2803,202.0,23.0
2804,204.0,23.0
2805,426.0,60.0
2806,252.0,23.0
2807,206.0,23.0
2808,374.0,47.0
2809,501.0,73.0
2810,117.0,17.0
2811,233.0,23.0
2812,49.0,7.0
2813,147.0,19.0
2814,368.0,47.0
2815,186.0,22.0
2816,96.0,15.0
2817,202.0,23.0
2818,412.0,46.0
2819,37.0,3.0
2820,360.0,47.0
2821,391.0,47.0
2822,125.0,18.0
2823,88.0,16.0
2824,277.0,45.0
2825,106.0,18.0
2826,375.0,47.0
2827,214.0,23.0
2828,246.0,40.0
2829,203.0,23.0
2830,257.0,38.0
2831,407.0,47.0
2832,214.0,21.0
2833,229.0,23.0
2834,217.0,32.0
2835,190.0,23.0
2836,117.0,17.0
2837,207.0,23.0
2838,17.0,2.0
2839,377.0,47.0
2840,388.0,47.0
2841,17.0,3.0
2842,412.0,47.0
2843,208.0,29.0
2844,222.0,23.0
2845,227.0,30.0
2846,214.0,23.0
2847,206.0,23.0
2848,407.0,47.0
2849,501.0,67.0
2850,224.0,23.0
2851,210.0,23.0
2852,106.0,19.0
2853,216.0,31.0
2854,501.0,71.0
2855,216.0,23.0
2856,205.0,23.0
2857,87.0,11.0
2858,18.0,1.0
2859,501.0,64.0
2860,215.0,23.0
2861,218.0,23.0
2862,384.0,47.0
2863,230.0,23.0
2864,203.0,24.0
2865,501.0,70.0
2866,363.0,47.0
2867,187.0,25.0
2868,17.0,2.0
2869,204.0,23.0
2870,228.0,23.0
2871,388.0,47.0
2872,400.0,47.0
2873,192.0,23.0
2874,406.0,47.0
2875,231.0,23.0
2876,207.0,31.0
2877,38.0,7.0
2878,211.0,23.0
2879,96.0,15.0
2880,191.0,23.0
2881,128.0,20.0
2882,230.0,23.0
2883,156.0,19.0
2884,410.0,47.0
2885,17.0,3.0
2886,305.0,43.0
2887,501.0,70.0
2888,209.0,23.0
2889,204.0,23.0
2890,182.0,22.0
2891,185.0,23.0
2892,381.0,47.0
2893,87.0,15.0
2894,224.0,23.0
2895,221.0,23.0
2896,215.0,23.0
2897,28.0,5.0
2898,204.0,23.0
2899,199.0,23.0
2900,97.0,16.0
2901,207.0,23.0
2902,366.0,53.0
2903,218.0,23.0
2904,206.0,23.0
2905,106.0,17.0
2906,418.0,47.0
2907,216.0,23.0
2908,348.0,51.0
2909,177.0,25.0
2910,243.0,23.0
2911,195.0,23.0
2912,196.0,23.0
2913,404.0,47.0
2914,475.0,68.0
2915,117.0,16.0
2916,232.0,23.0
2917,193.0,23.0
2918,213.0,23.0
2919,265.0,23.0
2920,215.0,23.0
2921,223.0,23.0
2922,107.0,18.0
2923,227.0,23.0
2924,205.0,23.0
2925,182.0,23.0
2926,501.0,66.0
2927,203.0,23.0
2928,226.0,32.0
2929,415.0,47.0
2930,87.0,13.0
2931,226.0,36.0
2932,227.0,23.0
2933,108.0,15.0
2934,17.0,0.0
2935,193.0,23.0
2936,267.0,34.0
2937,216.0,31.0
2938,501.0,69.0
2939,59.0,10.0
2940,446.0,57.0
2941,235.0,23.0
2942,191.0,23.0
2943,186.0,23.0
2944,18.0,3.0
2945,18.0,3.0
2946,501.0,65.0
2947,228.0,23.0
2948,225.0,23.0
2949,191.0,23.0
2950,211.0,23.0
2951,501.0,69.0
2952,347.0,47.0
2953,244.0,23.0
2954,257.0,36.0
2955,218.0,23.0
2956,385.0,47.0
2957,226.0,23.0
2958,249.0,23.0
2959,215.0,23.0
2960,403.0,47.0
2961,209.0,23.0
2962,426.0,56.0
2963,197.0,27.0
2964,29.0,5.0
2965,387.0,46.0
2966,327.0,38.0
2967,256.0,37.0
2968,189.0,23.0
2969,201.0,23.0
2970,380.0,47.0
2971,208.0,23.0
2972,192.0,23.0
2973,196.0,23.0
2974,67.0,10.0
2975,379.0,47.0
2976,183.0,23.0
2977,216.0,23.0
2978,352.0,47.0
2979,327.0,42.0
2980,202.0,23.0
2981,364.0,46.0
2982,389.0,47.0
2983,217.0,31.0
2984,125.0,20.0
2985,223.0,23.0
2986,229.0,36.0
2987,447.0,63.0
2988,185.0,23.0
2989,217.0,23.0
2990,238.0,38.0
2991,390.0,47.0
2992,96.0,16.0
2993,501.0,75.0
2994,192.0,23.0
2995,107.0,18.0
2996,28.0,5.0
2997,200.0,23.0
2998,174.0,23.0
2999,187.0,28.0
3000,501.0,73.0
3001,58.0,10.0
3002,96.0,14.0
3003,404.0,47.0
3004,270.0,22.0
3005,215.0,23.0
3006,373.0,47.0
3007,220.0,23.0
3008,201.0,23.0
3009,188.0,23.0
3010,147.0,22.0
3011,212.0,23.0
3012,317.0,49.0
3013,38.0,7.0
3014,207.0,23.0
3015,363.0,45.0
3016,234.0,23.0
3017,417.0,45.0
3018,384.0,47.0
3019,146.0,21.0
3020,237.0,23.0
3021,197.0,23.0
3022,431.0,46.0
3023,423.0,47.0
3024,361.0,47.0
3025,237.0,23.0
3026,406.0,47.0
3027,208.0,23.0
3028,228.0,23.0
3029,356.0,45.0
3030,200.0,23.0
3031,137.0,21.0
3032,381.0,47.0
3033,415.0,47.0
3034,237.0,23.0
3035,207.0,23.0
3036,240.0,23.0
3037,346.0,43.0
3038,230.0,23.0
3039,232.0,23.0
3040,226.0,23.0
3041,244.0,23.0
3042,147.0,20.0
3043,249.0,23.0
3044,272.0,23.0
3045,375.0,46.0
3046,285.0,23.0
3047,196.0,23.0
3048,88.0,14.0
3049,27.0,1.0
3050,269.0,23.0
3051,400.0,46.0
3052,107.0,16.0
3053,185.0,23.0
3054,126.0,13.0
3055,67.0,8.0
3056,37.0,3.0
3057,97.0,15.0
3058,69.0,9.0
3059,57.0,5.0
3060,108.0,14.0
3061,338.0,41.0
3062,207.0,23.0
3063,79.0,11.0
3064,213.0,23.0
3065,145.0,19.0
3066,17.0,1.0
3067,223.0,23.0
3068,128.0,14.0
3069,216.0,23.0
3070,98.0,13.0
3071,137.0,15.0
3072,218.0,23.0
3073,495.0,46.0
3074,127.0,18.0
3075,297.0,39.0
3076,233.0,23.0
3077,217.0,29.0
3078,463.0,47.0
3079,240.0,23.0
3080,187.0,20.0
3081,46.0,5.0
3082,204.0,23.0
3083,501.0,71.0
3084,66.0,10.0
3085,17.0,1.0
3086,230.0,22.0
3087,219.0,23.0
3088,262.0,23.0
3089,196.0,19.0
3090,87.0,14.0
3091,206.0,23.0
3092,17.0,1.0
3093,17.0,1.0
3094,59.0,7.0
3095,262.0,23.0
3096,59.0,7.0
3097,37.0,1.0
3098,244.0,23.0
3099,17.0,0.0
3100,201.0,22.0
3101,260.0,23.0
3102,58.0,8.0
3103,97.0,15.0
3104,501.0,63.0
3105,206.0,23.0
3106,38.0,4.0
3107,47.0,6.0
3108,118.0,14.0
3109,46.0,6.0
3110,89.0,15.0
3111,234.0,23.0
3112,237.0,26.0
3113,214.0,23.0
3114,450.0,46.0
3115,17.0,1.0
3116,434.0,47.0
3117,18.0,1.0
3118,286.0,31.0
3119,386.0,47.0
3120,136.0,18.0
3121,224.0,23.0
3122,228.0,23.0
3123,146.0,12.0
3124,38.0,4.0
3125,57.0,7.0
3126,479.0,47.0
3127,39.0,6.0
3128,441.0,47.0
3129,86.0,13.0
3130,147.0,21.0
3131,267.0,40.0
3132,348.0,42.0
3133,387.0,42.0
3134,69.0,10.0
3135,259.0,30.0
3136,419.0,47.0
3137,241.0,23.0
3138,56.0,10.0
3139,29.0,5.0
3140,237.0,22.0
3141,237.0,23.0
3142,224.0,23.0
3143,76.0,13.0
3144,98.0,14.0
3145,247.0,23.0
3146,138.0,19.0
3147,327.0,41.0
3148,327.0,34.0
3149,38.0,4.0
3150,306.0,42.0
3151,216.0,23.0
3152,138.0,18.0
3153,214.0,21.0
3154,76.0,9.0
3155,262.0,22.0
3156,501.0,59.0
3157,501.0,53.0
3158,228.0,23.0
3159,156.0,22.0
3160,236.0,23.0
3161,234.0,22.0
3162,274.0,23.0
3163,28.0,2.0
3164,257.0,22.0
3165,227.0,23.0
3166,432.0,47.0
3167,216.0,26.0
3168,208.0,23.0
3169,227.0,23.0
3170,202.0,23.0
3171,37.0,4.0
3172,443.0,47.0
3173,237.0,23.0
3174,239.0,23.0
3175,414.0,47.0
3176,211.0,23.0
3177,268.0,36.0
3178,206.0,23.0
3179,59.0,8.0
3180,268.0,22.0
3181,427.0,46.0
3182,68.0,9.0
3183,106.0,11.0
3184,217.0,27.0
3185,237.0,27.0
3186,257.0,23.0
3187,46.0,6.0
3188,177.0,25.0
3189,18.0,1.0
3190,17.0,1.0
3191,278.0,23.0
3192,27.0,3.0
3193,468.0,47.0
3194,254.0,20.0
3195,219.0,23.0
3196,77.0,4.0
3197,217.0,23.0
3198,238.0,23.0
3199,408.0,47.0
3200,207.0,23.0
3201,245.0,23.0
3202,415.0,58.0
3203,66.0,5.0
3204,68.0,9.0
3205,450.0,47.0
3206,224.0,23.0
3207,395.0,47.0
3208,288.0,35.0
3209,501.0,58.0
3210,288.0,29.0
3211,157.0,20.0
3212,69.0,10.0
3213,87.0,14.0
3214,193.0,21.0
3215,156.0,19.0
3216,406.0,47.0
3217,501.0,47.0
3218,17.0,0.0
3219,252.0,23.0
3220,278.0,22.0
3221,501.0,64.0
3222,37.0,4.0
3223,366.0,43.0
3224,198.0,23.0
3225,472.0,46.0
3226,236.0,23.0
3227,222.0,23.0
3228,207.0,23.0
3229,265.0,23.0
3230,18.0,2.0
3231,386.0,53.0
3232,146.0,20.0
3233,138.0,19.0
3234,66.0,10.0
3235,231.0,23.0
3236,277.0,35.0
3237,27.0,2.0
3238,220.0,23.0
3239,89.0,14.0
3240,221.0,23.0
3241,188.0,22.0
3242,89.0,15.0
3243,38.0,5.0
3244,108.0,15.0
3245,185.0,23.0
3246,258.0,23.0
3247,265.0,23.0
3248,238.0,23.0
3249,421.0,47.0
3250,196.0,22.0
3251,38.0,7.0
3252,233.0,23.0
3253,286.0,39.0
3254,184.0,23.0
3255,214.0,22.0
3256,386.0,47.0
3257,382.0,46.0
3258,501.0,66.0
3259,201.0,23.0
3260,118.0,15.0
3261,501.0,59.0
3262,77.0,11.0
3263,89.0,11.0
3264,228.0,28.0
3265,37.0,6.0
3266,229.0,22.0
3267,205.0,23.0
3268,105.0,17.0
3269,235.0,23.0
3270,238.0,23.0
3271,236.0,23.0
3272,217.0,23.0
3273,117.0,18.0
3274,223.0,22.0
3275,209.0,23.0
3276,59.0,9.0
3277,355.0,45.0
3278,199.0,23.0
3279,105.0,15.0
3280,256.0,23.0
3281,389.0,47.0
3282,227.0,23.0
3283,200.0,23.0
3284,236.0,23.0
3285,241.0,23.0
3286,298.0,38.0
3287,196.0,23.0
3288,49.0,9.0
3289,234.0,23.0
3290,393.0,47.0
3291,456.0,47.0
3292,154.0,19.0
3293,48.0,6.0
3294,222.0,23.0
3295,216.0,22.0
3296,194.0,23.0
3297,227.0,23.0
3298,67.0,11.0
3299,197.0,23.0
3300,238.0,22.0
3301,99.0,15.0
3302,192.0,23.0
3303,218.0,27.0
3304,205.0,23.0
3305,105.0,15.0
3306,238.0,23.0
3307,206.0,23.0
3308,68.0,11.0
3309,197.0,23.0
3310,107.0,15.0
3311,88.0,14.0
3312,49.0,8.0
3313,187.0,21.0
3314,240.0,23.0
3315,174.0,22.0
3316,66.0,11.0
3317,56.0,8.0
3318,232.0,23.0
3319,58.0,9.0
3320,17.0,2.0
3321,136.0,18.0
3322,96.0,18.0
3323,260.0,22.0
3324,213.0,23.0
3325,166.0,19.0
3326,222.0,23.0
3327,226.0,23.0
3328,423.0,47.0
3329,105.0,14.0
3330,238.0,23.0
3331,216.0,23.0
3332,227.0,23.0
3333,296.0,39.0
3334,266.0,28.0
3335,28.0,4.0
3336,214.0,23.0
3337,207.0,26.0
3338,266.0,23.0
3339,217.0,28.0
3340,17.0,2.0
3341,157.0,21.0
3342,232.0,22.0
3343,17.0,2.0
3344,196.0,28.0
3345,39.0,7.0
3346,76.0,13.0
3347,453.0,46.0
3348,27.0,4.0
3349,87.0,13.0
3350,146.0,20.0
3351,208.0,23.0
3352,96.0,16.0
3353,258.0,23.0
3354,231.0,23.0
3355,376.0,47.0
3356,345.0,45.0
3357,37.0,5.0
3358,388.0,47.0
3359,216.0,23.0
3360,27.0,4.0
3361,145.0,19.0
3362,200.0,23.0
3363,196.0,19.0
3364,217.0,23.0
3365,229.0,34.0
3366,105.0,16.0
3367,227.0,27.0
3368,227.0,23.0
3369,241.0,23.0
3370,336.0,46.0
3371,386.0,47.0
3372,38.0,7.0
3373,233.0,23.0
3374,28.0,5.0
3375,29.0,5.0
3376,241.0,23.0
3377,185.0,21.0
3378,221.0,23.0
3379,99.0,15.0
3380,48.0,8.0
3381,195.0,21.0
3382,501.0,70.0
3383,37.0,3.0
3384,87.0,13.0
3385,166.0,19.0
3386,37.0,3.0
3387,213.0,23.0
3388,274.0,23.0
3389,37.0,6.0
3390,232.0,25.0
3391,205.0,23.0
3392,98.0,11.0
3393,136.0,16.0
3394,235.0,22.0
3395,227.0,23.0
3396,29.0,5.0
3397,227.0,23.0
3398,157.0,21.0
3399,417.0,51.0
3400,215.0,23.0
3401,249.0,32.0
3402,206.0,23.0
3403,184.0,22.0
3404,216.0,23.0
3405,389.0,47.0
3406,223.0,23.0
3407,237.0,22.0
3408,28.0,5.0
3409,222.0,23.0
3410,98.0,15.0
3411,177.0,28.0
3412,57.0,10.0
3413,38.0,6.0
3414,377.0,47.0
3415,222.0,22.0
3416,79.0,14.0
3417,208.0,23.0
3418,232.0,22.0
3419,234.0,23.0
3420,242.0,23.0
3421,211.0,23.0
3422,501.0,67.0
3423,224.0,23.0
3424,48.0,8.0
3425,246.0,23.0
3426,48.0,3.0
3427,216.0,23.0
3428,28.0,3.0
3429,237.0,35.0
3430,207.0,23.0
3431,204.0,23.0
3432,233.0,23.0
3433,231.0,23.0
3434,38.0,2.0
3435,37.0,2.0
3436,79.0,14.0
3437,38.0,5.0
3438,97.0,15.0
3439,88.0,15.0
3440,89.0,16.0
3441,362.0,47.0
3442,77.0,12.0
3443,145.0,20.0
3444,165.0,23.0
3445,230.0,23.0
3446,197.0,23.0
3447,177.0,25.0
3448,17.0,1.0
3449,371.0,45.0
3450,209.0,23.0
3451,221.0,23.0
3452,28.0,5.0
3453,219.0,23.0
3454,79.0,14.0
3455,216.0,33.0
3456,28.0,5.0
3457,58.0,10.0
3458,37.0,6.0
3459,266.0,37.0
3460,37.0,2.0
3461,383.0,47.0
3462,222.0,23.0
3463,98.0,14.0
3464,27.0,4.0
3465,501.0,67.0
3466,229.0,23.0
3467,29.0,5.0
3468,47.0,8.0
3469,56.0,6.0
3470,233.0,23.0
3471,99.0,14.0
3472,17.0,2.0
3473,226.0,23.0
3474,338.0,47.0
3475,196.0,23.0
3476,203.0,23.0
3477,296.0,39.0
3478,28.0,5.0
3479,96.0,17.0
3480,137.0,22.0
3481,213.0,23.0
3482,392.0,47.0
3483,214.0,23.0
3484,501.0,69.0
3485,259.0,37.0
3486,128.0,19.0
3487,267.0,35.0
3488,17.0,2.0
3489,38.0,7.0
3490,364.0,47.0
3491,344.0,45.0
3492,237.0,30.0
3493,217.0,23.0
3494,217.0,23.0
3495,38.0,7.0
3496,208.0,28.0
3497,175.0,23.0
3498,96.0,15.0
3499,324.0,46.0
3500,88.0,16.0
3501,408.0,47.0
3502,224.0,23.0
3503,58.0,10.0
3504,183.0,23.0
3505,219.0,29.0
3506,38.0,7.0
3507,201.0,23.0
3508,217.0,23.0
3509,218.0,35.0
3510,229.0,22.0
3511,197.0,26.0
3512,99.0,17.0
3513,18.0,2.0
3514,37.0,6.0
3515,105.0,17.0
3516,237.0,33.0
3517,29.0,5.0
3518,17.0,2.0
3519,105.0,17.0
3520,189.0,23.0
3521,207.0,23.0
3522,193.0,23.0
3523,225.0,23.0
3524,214.0,23.0
3525,37.0,6.0
3526,29.0,4.0
3527,128.0,20.0
3528,196.0,23.0
3529,66.0,11.0
3530,193.0,23.0
3531,209.0,23.0
3532,225.0,23.0
3533,117.0,13.0
3534,191.0,23.0
3535,118.0,19.0
3536,17.0,3.0
3537,203.0,23.0
3538,28.0,5.0
3539,266.0,22.0
3540,257.0,31.0
3541,155.0,21.0
3542,217.0,23.0
3543,399.0,47.0
3544,208.0,23.0
3545,205.0,23.0
3546,118.0,17.0
3547,207.0,23.0
3548,97.0,14.0
3549,48.0,8.0
3550,298.0,39.0
3551,88.0,13.0
3552,38.0,5.0
3553,416.0,47.0
3554,206.0,23.0
3555,58.0,11.0
3556,214.0,23.0
3557,39.0,7.0
3558,216.0,23.0
3559,215.0,23.0
3560,49.0,9.0
3561,192.0,23.0
3562,438.0,55.0
3563,48.0,8.0
3564,246.0,34.0
3565,418.0,66.0
3566,487.0,64.0
3567,227.0,27.0
3568,196.0,23.0
3569,128.0,18.0
3570,338.0,42.0
3571,37.0,7.0
3572,56.0,10.0
3573,137.0,22.0
3574,206.0,23.0
3575,67.0,12.0
3576,218.0,29.0
3577,213.0,23.0
3578,407.0,53.0
3579,138.0,19.0
3580,28.0,3.0
3581,257.0,22.0
3582,17.0,2.0
3583,38.0,7.0
3584,78.0,11.0
3585,29.0,5.0
3586,387.0,58.0
3587,37.0,6.0
3588,118.0,19.0
3589,214.0,23.0
3590,241.0,23.0
3591,205.0,23.0
3592,98.0,16.0
3593,28.0,3.0
3594,213.0,23.0
3595,193.0,23.0
3596,17.0,3.0
3597,96.0,15.0
3598,297.0,44.0
3599,28.0,4.0
3600,462.0,47.0
3601,364.0,46.0
3602,108.0,16.0
3603,276.0,39.0
3604,401.0,47.0
3605,501.0,68.0
3606,76.0,13.0
3607,198.0,23.0
3608,87.0,14.0
3609,343.0,47.0
3610,69.0,11.0
3611,397.0,47.0
3612,67.0,10.0
3613,195.0,23.0
3614,39.0,4.0
3615,165.0,20.0
3616,237.0,23.0
3617,208.0,23.0
3618,200.0,23.0
3619,155.0,22.0
3620,365.0,47.0
3621,205.0,23.0
3622,47.0,5.0
3623,39.0,6.0
3624,17.0,2.0
3625,127.0,19.0
3626,29.0,4.0
3627,38.0,7.0
3628,146.0,20.0
3629,137.0,19.0
3630,180.0,23.0
3631,365.0,45.0
3632,193.0,23.0
3633,66.0,12.0
3634,106.0,16.0
3635,190.0,23.0
3636,197.0,23.0
3637,208.0,23.0
3638,317.0,41.0
3639,176.0,23.0
3640,79.0,13.0
3641,136.0,19.0
3642,218.0,23.0
3643,187.0,26.0
3644,238.0,23.0
3645,204.0,23.0
3646,220.0,23.0
3647,117.0,20.0
3648,380.0,47.0
3649,199.0,30.0
3650,344.0,47.0
3651,79.0,14.0
3652,341.0,47.0
3653,17.0,2.0
3654,18.0,3.0
3655,222.0,23.0
3656,372.0,47.0
3657,125.0,14.0
3658,216.0,23.0
3659,285.0,44.0
3660,227.0,27.0
3661,390.0,47.0
3662,215.0,23.0
3663,186.0,23.0
3664,232.0,23.0
3665,37.0,5.0
3666,218.0,23.0
3667,47.0,8.0
3668,59.0,11.0
3669,201.0,23.0
3670,89.0,17.0
3671,168.0,26.0
3672,29.0,4.0
3673,243.0,22.0
3674,17.0,2.0
3675,238.0,23.0
3676,156.0,21.0
3677,202.0,23.0
3678,48.0,8.0
3679,231.0,23.0
3680,344.0,47.0
3681,224.0,23.0
3682,188.0,29.0
3683,28.0,5.0
3684,228.0,23.0
3685,28.0,5.0
3686,207.0,27.0
3687,380.0,46.0
3688,231.0,22.0
3689,88.0,16.0
3690,66.0,10.0
3691,241.0,23.0
3692,501.0,68.0
3693,409.0,47.0
3694,227.0,23.0
3695,428.0,60.0
3696,395.0,47.0
3697,154.0,23.0
3698,309.0,37.0
3699,89.0,13.0
3700,87.0,14.0
3701,215.0,23.0
3702,185.0,23.0
3703,382.0,47.0
3704,216.0,30.0
3705,127.0,18.0
3706,412.0,47.0
3707,205.0,23.0
3708,445.0,62.0
3709,204.0,23.0
3710,342.0,47.0
3711,292.0,23.0
3712,66.0,13.0
3713,366.0,56.0
3714,98.0,18.0
3715,193.0,23.0
3716,202.0,23.0
3717,202.0,23.0
3718,212.0,23.0
3719,207.0,23.0
3720,176.0,21.0
3721,197.0,28.0
3722,268.0,23.0
3723,198.0,29.0
3724,268.0,41.0
3725,346.0,47.0
3726,28.0,5.0
3727,214.0,23.0
3728,202.0,23.0
3729,28.0,4.0
3730,210.0,23.0
3731,192.0,25.0
3732,197.0,23.0
3733,56.0,8.0
3734,145.0,21.0
3735,209.0,22.0
3736,246.0,30.0
3737,49.0,9.0
3738,174.0,21.0
3739,426.0,47.0
3740,208.0,23.0
3741,190.0,23.0
3742,96.0,17.0
3743,212.0,23.0
3744,393.0,47.0
3745,137.0,21.0
3746,205.0,23.0
3747,127.0,20.0
3748,215.0,23.0
3749,257.0,23.0
3750,87.0,15.0
3751,191.0,23.0
3752,199.0,23.0
3753,223.0,23.0
3754,37.0,7.0
3755,368.0,52.0
3756,212.0,23.0
3757,417.0,47.0
3758,501.0,68.0
3759,28.0,5.0
3760,17.0,2.0
3761,136.0,20.0
3762,247.0,42.0
3763,57.0,10.0
3764,66.0,10.0
3765,316.0,46.0
3766,376.0,56.0
3767,193.0,23.0
3768,56.0,10.0
3769,230.0,23.0
3770,29.0,5.0
3771,288.0,40.0
3772,388.0,54.0
3773,374.0,47.0
3774,97.0,16.0
3775,201.0,23.0
3776,348.0,47.0
3777,59.0,11.0
3778,387.0,48.0
3779,127.0,17.0
3780,28.0,5.0
3781,146.0,17.0
3782,86.0,14.0
3783,386.0,47.0
3784,40.0,7.0
3785,118.0,20.0
3786,236.0,33.0
3787,501.0,70.0
3788,87.0,15.0
3789,56.0,8.0
3790,37.0,6.0
3791,66.0,12.0
3792,56.0,10.0
3793,28.0,5.0
3794,208.0,23.0
3795,37.0,5.0
3796,193.0,23.0
3797,155.0,23.0
3798,96.0,14.0
3799,217.0,23.0
3800,29.0,4.0
3801,278.0,33.0
3802,174.0,20.0
3803,28.0,4.0
3804,86.0,15.0
3805,146.0,20.0
3806,17.0,3.0
3807,214.0,23.0
3808,240.0,23.0
3809,187.0,23.0
3810,501.0,74.0
3811,259.0,37.0
3812,240.0,23.0
3813,353.0,46.0
3814,188.0,23.0
3815,225.0,23.0
3816,358.0,47.0
3817,277.0,42.0
3818,246.0,36.0
3819,369.0,47.0
3820,208.0,28.0
3821,57.0,10.0
3822,360.0,47.0
3823,207.0,25.0
3824,407.0,47.0
3825,203.0,23.0
3826,387.0,47.0
3827,361.0,47.0
3828,86.0,14.0
3829,66.0,9.0
3830,195.0,23.0
3831,191.0,23.0
3832,117.0,20.0
3833,87.0,16.0
3834,216.0,34.0
3835,157.0,25.0
3836,197.0,26.0
3837,194.0,23.0
3838,197.0,23.0
3839,387.0,63.0
3840,217.0,31.0
3841,205.0,23.0
3842,216.0,23.0
3843,267.0,42.0
3844,137.0,22.0
3845,208.0,23.0
3846,66.0,12.0
3847,501.0,70.0
3848,185.0,23.0
3849,296.0,41.0
3850,417.0,56.0
3851,174.0,23.0
3852,165.0,22.0
3853,180.0,23.0
3854,37.0,4.0
3855,97.0,16.0
3856,107.0,18.0
3857,79.0,12.0
3858,17.0,3.0
3859,213.0,23.0
3860,406.0,47.0
3861,97.0,18.0
3862,77.0,14.0
3863,315.0,44.0
3864,28.0,5.0
3865,29.0,5.0
3866,209.0,23.0
3867,192.0,23.0
3868,207.0,23.0
3869,202.0,23.0
3870,316.0,47.0
3871,157.0,26.0
3872,501.0,71.0
3873,98.0,11.0
3874,138.0,21.0
3875,358.0,47.0
3876,248.0,35.0
3877,396.0,47.0
3878,238.0,33.0
3879,228.0,27.0
3880,178.0,23.0
3881,48.0,6.0
3882,165.0,22.0
3883,118.0,17.0
3884,190.0,23.0
3885,56.0,9.0
3886,197.0,23.0
3887,197.0,22.0
3888,116.0,20.0
3889,312.0,47.0
3890,57.0,9.0
3891,206.0,23.0
3892,193.0,23.0
3893,219.0,32.0
3894,403.0,47.0
3895,192.0,23.0
3896,424.0,47.0
3897,256.0,34.0
3898,29.0,5.0
3899,218.0,23.0
3900,188.0,23.0
3901,367.0,50.0
3902,185.0,23.0
3903,201.0,23.0
3904,370.0,47.0
3905,208.0,23.0
3906,17.0,2.0
3907,206.0,23.0
3908,213.0,23.0
3909,389.0,47.0
3910,295.0,40.0
3911,193.0,23.0
3912,192.0,23.0
3913,398.0,47.0
3914,209.0,23.0
3915,186.0,23.0
3916,456.0,68.0
3917,59.0,11.0
3918,191.0,23.0
3919,193.0,25.0
3920,66.0,11.0
3921,206.0,23.0
3922,156.0,21.0
3923,219.0,37.0
3924,413.0,47.0
3925,87.0,14.0
3926,437.0,55.0
3927,201.0,23.0
3928,49.0,9.0
3929,202.0,23.0
3930,387.0,47.0
3931,165.0,22.0
3932,501.0,71.0
3933,368.0,47.0
3934,205.0,23.0
3935,501.0,67.0
3936,267.0,40.0
3937,87.0,16.0
3938,501.0,70.0
3939,206.0,23.0
3940,401.0,47.0
3941,247.0,38.0
3942,77.0,12.0
3943,387.0,52.0
3944,222.0,23.0
3945,296.0,43.0
3946,206.0,23.0
3947,206.0,22.0
3948,198.0,23.0
3949,87.0,15.0
3950,228.0,23.0
3951,206.0,23.0
3952,86.0,14.0
3953,57.0,10.0
3954,193.0,23.0
3955,373.0,47.0
3956,387.0,47.0
3957,501.0,67.0
3958,184.0,23.0
3959,181.0,23.0
3960,501.0,66.0
3961,501.0,76.0
3962,240.0,23.0
3963,89.0,17.0
3964,314.0,46.0
3965,200.0,23.0
3966,238.0,39.0
3967,203.0,23.0
3968,198.0,23.0
3969,208.0,23.0
3970,48.0,7.0
3971,217.0,23.0
3972,501.0,65.0
3973,66.0,12.0
3974,18.0,2.0
3975,225.0,22.0
3976,228.0,35.0
3977,256.0,33.0
3978,185.0,23.0
3979,352.0,47.0
3980,501.0,70.0
3981,29.0,5.0
3982,396.0,47.0
3983,213.0,23.0
3984,97.0,15.0
3985,66.0,12.0
3986,59.0,10.0
3987,202.0,23.0
3988,66.0,12.0
3989,331.0,47.0
3990,257.0,36.0
3991,66.0,12.0
3992,48.0,8.0
3993,186.0,23.0
3994,191.0,23.0
3995,56.0,11.0
3996,76.0,14.0
3997,89.0,17.0
3998,194.0,23.0
3999,377.0,46.0
4000,202.0,23.0
4001,372.0,47.0
4002,396.0,59.0
4003,478.0,67.0
4004,501.0,62.0
4005,38.0,6.0
4006,501.0,71.0
4007,29.0,5.0
4008,226.0,23.0
4009,28.0,5.0
4010,317.0,44.0
4011,165.0,22.0
4012,501.0,69.0
4013,501.0,70.0
4014,346.0,47.0
4015,195.0,23.0
4016,56.0,10.0
4017,220.0,23.0
4018,193.0,23.0
4019,193.0,23.0
4020,56.0,10.0
4021,29.0,5.0
4022,212.0,23.0
4023,402.0,47.0
4024,199.0,31.0
4025,86.0,15.0
4026,385.0,47.0
4027,217.0,25.0
4028,211.0,23.0
4029,108.0,20.0
4030,413.0,47.0
4031,212.0,23.0
4032,501.0,69.0
4033,501.0,71.0
4034,201.0,23.0
4035,501.0,70.0
4036,206.0,23.0
4037,227.0,23.0
4038,466.0,69.0
4039,373.0,46.0
4040,206.0,23.0
4041,156.0,22.0
4042,97.0,17.0
4043,214.0,23.0
4044,214.0,23.0
4045,357.0,47.0
4046,213.0,23.0
4047,222.0,23.0
4048,28.0,5.0
4049,195.0,23.0
4050,86.0,14.0
4051,194.0,23.0
4052,117.0,19.0
4053,28.0,3.0
4054,67.0,12.0
4055,217.0,22.0
4056,77.0,12.0
4057,257.0,41.0
4058,217.0,23.0
4059,198.0,28.0
4060,29.0,5.0
4061,17.0,2.0
4062,126.0,21.0
4063,501.0,71.0
4064,48.0,5.0
4065,185.0,23.0
4066,66.0,11.0
4067,181.0,23.0
4068,501.0,70.0
4069,372.0,47.0
4070,208.0,23.0
4071,97.0,17.0
4072,66.0,11.0
4073,146.0,20.0
4074,88.0,15.0
4075,371.0,47.0
4076,202.0,23.0
4077,191.0,23.0
4078,501.0,68.0
4079,416.0,47.0
4080,501.0,70.0
4081,417.0,47.0
4082,156.0,22.0
4083,66.0,12.0
4084,198.0,23.0
4085,96.0,17.0
4086,197.0,23.0
4087,234.0,23.0
4088,205.0,23.0
4089,66.0,11.0
4090,184.0,23.0
4091,418.0,55.0
4092,191.0,23.0
4093,392.0,47.0
4094,49.0,9.0
4095,66.0,7.0
4096,191.0,23.0
4097,147.0,22.0
4098,339.0,47.0
4099,146.0,20.0
4100,501.0,70.0
4101,107.0,21.0
4102,29.0,5.0
4103,406.0,55.0
4104,434.0,47.0
4105,338.0,47.0
4106,191.0,23.0
4107,209.0,23.0
4108,501.0,65.0
4109,496.0,71.0
4110,208.0,23.0
4111,210.0,21.0
4112,217.0,37.0
4113,182.0,23.0
4114,346.0,47.0
4115,38.0,7.0
4116,399.0,47.0
4117,501.0,72.0
4118,307.0,44.0
4119,39.0,7.0
4120,181.0,23.0
4121,202.0,23.0
4122,155.0,23.0
4123,48.0,8.0
4124,207.0,23.0
4125,223.0,23.0
4126,190.0,23.0
4127,257.0,41.0
4128,196.0,23.0
4129,501.0,66.0
4130,387.0,47.0
4131,28.0,4.0
4132,197.0,23.0
4133,79.0,15.0
4134,155.0,21.0
4135,401.0,47.0
4136,202.0,23.0
4137,200.0,23.0
4138,191.0,23.0
4139,199.0,23.0
4140,156.0,21.0
4141,501.0,68.0
4142,217.0,23.0
4143,136.0,20.0
4144,219.0,27.0
4145,187.0,23.0
4146,187.0,23.0
4147,361.0,47.0
4148,204.0,23.0
4149,200.0,23.0
4150,501.0,70.0
4151,28.0,5.0
4152,211.0,23.0
4153,367.0,47.0
4154,377.0,47.0
4155,211.0,23.0
4156,118.0,20.0
4157,89.0,16.0
4158,99.0,17.0
4159,108.0,16.0
4160,501.0,67.0
4161,187.0,23.0
4162,59.0,11.0
4163,364.0,47.0
4164,198.0,23.0
4165,239.0,23.0
4166,191.0,23.0
4167,97.0,19.0
4168,77.0,14.0
4169,79.0,15.0
4170,167.0,27.0
4171,196.0,23.0
4172,222.0,25.0
4173,192.0,23.0
4174,178.0,27.0
4175,68.0,12.0
4176,67.0,13.0
4177,181.0,23.0
4178,191.0,23.0
4179,200.0,23.0
4180,188.0,23.0
4181,200.0,23.0
4182,191.0,23.0
4183,187.0,30.0
4184,27.0,4.0
4185,38.0,4.0
4186,214.0,23.0
4187,196.0,23.0
4188,387.0,50.0
4189,316.0,39.0
4190,213.0,23.0
4191,192.0,23.0
4192,372.0,47.0
4193,501.0,71.0
4194,268.0,44.0
4195,183.0,23.0
4196,215.0,23.0
4197,239.0,36.0
4198,216.0,32.0
4199,28.0,5.0
4200,232.0,23.0
4201,189.0,30.0
4202,29.0,5.0
4203,128.0,20.0
4204,400.0,47.0
4205,268.0,39.0
4206,48.0,9.0
4207,501.0,80.0
4208,96.0,15.0
4209,226.0,23.0
4210,28.0,5.0
4211,98.0,16.0
4212,27.0,2.0
4213,193.0,23.0
4214,237.0,37.0
4215,397.0,56.0
4216,125.0,21.0
4217,192.0,23.0
4218,107.0,19.0
4219,177.0,26.0
4220,98.0,16.0
4221,242.0,23.0
4222,214.0,23.0
4223,203.0,23.0
4224,237.0,37.0
4225,27.0,5.0
4226,201.0,23.0
4227,57.0,11.0
4228,202.0,23.0
4229,360.0,47.0
4230,79.0,15.0
4231,77.0,15.0
4232,18.0,3.0
4233,360.0,47.0
4234,298.0,43.0
4235,232.0,23.0
4236,191.0,22.0
4237,202.0,23.0
4238,251.0,23.0
4239,207.0,26.0
4240,373.0,47.0
4241,501.0,70.0
4242,96.0,16.0
4243,202.0,23.0
4244,190.0,23.0
4245,57.0,9.0
4246,201.0,23.0
4247,227.0,31.0
4248,47.0,8.0
4249,194.0,23.0
4250,387.0,55.0
4251,501.0,67.0
4252,195.0,23.0
4253,366.0,47.0
4254,223.0,23.0
4255,57.0,11.0
4256,146.0,22.0
4257,223.0,23.0
4258,196.0,22.0
4259,212.0,23.0
4260,501.0,61.0
4261,184.0,23.0
4262,116.0,16.0
4263,208.0,28.0
4264,231.0,23.0
4265,241.0,23.0
4266,203.0,23.0
4267,204.0,23.0
4268,214.0,22.0
4269,233.0,22.0
4270,211.0,23.0
4271,117.0,17.0
4272,501.0,65.0
4273,412.0,47.0
4274,212.0,23.0
4275,386.0,47.0
4276,396.0,47.0
4277,240.0,23.0
4278,207.0,23.0
4279,375.0,47.0
4280,501.0,62.0
4281,89.0,14.0
4282,59.0,8.0
4283,66.0,10.0
4284,38.0,6.0
4285,202.0,23.0
4286,28.0,3.0
4287,235.0,23.0
4288,217.0,28.0
4289,128.0,16.0
4290,214.0,23.0
4291,219.0,22.0
4292,496.0,59.0
4293,128.0,16.0
4294,27.0,1.0
4295,116.0,16.0
4296,245.0,23.0
4297,127.0,17.0
4298,276.0,34.0
4299,118.0,17.0
4300,501.0,61.0
4301,246.0,22.0
4302,396.0,45.0
4303,501.0,63.0
4304,78.0,13.0
4305,97.0,13.0
4306,393.0,47.0
4307,384.0,45.0
4308,230.0,23.0
4309,185.0,23.0
4310,87.0,13.0
4311,106.0,14.0
4312,433.0,47.0
4313,97.0,13.0
4314,244.0,23.0
4315,87.0,13.0
4316,156.0,21.0
4317,423.0,47.0
4318,236.0,32.0
4319,225.0,23.0
4320,218.0,23.0
4321,66.0,9.0
4322,69.0,9.0
4323,245.0,23.0
4324,227.0,23.0
4325,247.0,23.0
4326,37.0,5.0
4327,56.0,8.0
4328,67.0,10.0
4329,97.0,11.0
4330,327.0,40.0
4331,383.0,49.0
4332,270.0,23.0
4333,228.0,23.0
4334,66.0,10.0
4335,157.0,21.0
4336,298.0,40.0
4337,214.0,23.0
4338,37.0,4.0
4339,66.0,9.0
4340,215.0,23.0
4341,38.0,5.0
4342,237.0,27.0
4343,243.0,23.0
4344,240.0,23.0
4345,248.0,21.0
4346,147.0,19.0
4347,288.0,33.0
4348,280.0,23.0
4349,501.0,64.0
4350,37.0,4.0
4351,258.0,23.0
4352,37.0,5.0
4353,66.0,10.0
4354,98.0,15.0
4355,273.0,23.0
4356,216.0,23.0
4357,118.0,13.0
4358,78.0,10.0
4359,316.0,30.0
4360,66.0,8.0
4361,287.0,41.0
4362,237.0,23.0
4363,175.0,20.0
4364,58.0,8.0
4365,87.0,13.0
4366,246.0,23.0
4367,56.0,8.0
4368,501.0,64.0
4369,77.0,10.0
4370,28.0,2.0
4371,371.0,47.0
4372,199.0,23.0
4373,118.0,18.0
4374,191.0,22.0
4375,28.0,3.0
4376,267.0,33.0
4377,456.0,47.0
4378,37.0,4.0
4379,166.0,22.0
4380,223.0,22.0
4381,37.0,3.0
4382,238.0,23.0
4383,98.0,15.0
4384,456.0,52.0
4385,224.0,23.0
4386,37.0,5.0
4387,27.0,2.0
4388,224.0,23.0
4389,118.0,12.0
4390,221.0,23.0
4391,108.0,18.0
4392,37.0,5.0
4393,218.0,27.0
4394,268.0,22.0
4395,28.0,2.0
4396,116.0,15.0
4397,97.0,13.0
4398,66.0,10.0
4399,37.0,5.0
4400,66.0,10.0
4401,223.0,23.0
4402,37.0,4.0
4403,325.0,40.0
4404,266.0,27.0
4405,38.0,3.0
4406,17.0,1.0
4407,46.0,5.0
4408,221.0,23.0
4409,268.0,38.0
4410,17.0,1.0
4411,147.0,17.0
4412,59.0,7.0
4413,238.0,37.0
4414,227.0,21.0
4415,392.0,47.0
4416,187.0,21.0
4417,205.0,23.0
4418,46.0,7.0
4419,213.0,23.0
4420,365.0,46.0
4421,46.0,7.0
4422,227.0,27.0
4423,167.0,21.0
4424,138.0,20.0
4425,223.0,23.0
4426,428.0,56.0
4427,46.0,4.0
4428,98.0,11.0
4429,248.0,33.0
4430,17.0,1.0
4431,46.0,6.0
4432,360.0,47.0
4433,373.0,47.0
4434,166.0,20.0
4435,157.0,21.0
4436,167.0,21.0
4437,217.0,24.0
4438,56.0,8.0
4439,213.0,22.0
4440,98.0,14.0
4441,246.0,32.0
4442,411.0,47.0
4443,233.0,23.0
4444,239.0,23.0
4445,210.0,23.0
4446,205.0,23.0
4447,37.0,5.0
4448,211.0,23.0
4449,495.0,47.0
4450,127.0,15.0
4451,263.0,22.0
4452,501.0,71.0
4453,221.0,23.0
4454,196.0,21.0
4455,38.0,5.0
4456,56.0,8.0
4457,56.0,5.0
4458,148.0,8.0
4459,56.0,8.0
4460,204.0,23.0
4461,219.0,23.0
4462,37.0,7.0
4463,187.0,25.0
4464,245.0,23.0
4465,37.0,5.0
4466,57.0,8.0
4467,166.0,14.0
4468,396.0,47.0
4469,17.0,1.0
4470,17.0,1.0
4471,96.0,16.0
4472,258.0,38.0
4473,86.0,13.0
4474,39.0,5.0
4475,231.0,23.0
4476,205.0,23.0
4477,203.0,23.0
4478,283.0,23.0
4479,218.0,23.0
4480,456.0,65.0
4481,196.0,22.0
4482,426.0,56.0
4483,337.0,44.0
4484,367.0,47.0
4485,190.0,23.0
4486,107.0,18.0
4487,157.0,19.0
4488,196.0,23.0
4489,209.0,23.0
4490,37.0,1.0
4491,270.0,23.0
4492,222.0,23.0
4493,128.0,22.0
4494,209.0,23.0
4495,28.0,3.0
4496,56.0,9.0
4497,105.0,17.0
4498,304.0,23.0
4499,219.0,23.0
4500,97.0,13.0
4501,96.0,6.0
4502,66.0,12.0
4503,117.0,18.0
4504,17.0,1.0
4505,206.0,23.0
4506,48.0,6.0
4507,222.0,23.0
4508,227.0,23.0
4509,401.0,46.0
4510,236.0,30.0
4511,200.0,23.0
4512,219.0,23.0
4513,67.0,10.0
4514,216.0,23.0
4515,417.0,46.0
4516,174.0,20.0
4517,216.0,23.0
4518,37.0,5.0
4519,224.0,23.0
4520,215.0,22.0
4521,174.0,22.0
4522,17.0,1.0
4523,147.0,19.0
4524,17.0,0.0
4525,205.0,23.0
4526,56.0,9.0
4527,315.0,45.0
4528,27.0,2.0
4529,59.0,8.0
4530,118.0,17.0
4531,225.0,23.0
4532,336.0,35.0
4533,247.0,40.0
4534,28.0,3.0
4535,27.0,2.0
4536,98.0,13.0
4537,99.0,17.0
4538,241.0,23.0
4539,377.0,47.0
4540,38.0,5.0
4541,137.0,18.0
4542,38.0,4.0
4543,397.0,47.0
4544,201.0,23.0
4545,249.0,23.0
4546,116.0,14.0
4547,79.0,12.0
4548,27.0,0.0
4549,207.0,23.0
4550,423.0,47.0
4551,407.0,49.0
4552,37.0,5.0
4553,78.0,9.0
4554,207.0,23.0
4555,233.0,23.0
4556,218.0,23.0
4557,283.0,22.0
4558,218.0,23.0
4559,18.0,2.0
4560,207.0,23.0
4561,156.0,21.0
4562,115.0,11.0
4563,76.0,12.0
4564,39.0,6.0
4565,97.0,14.0
4566,146.0,21.0
4567,78.0,12.0
4568,213.0,23.0
4569,89.0,15.0
4570,206.0,23.0
4571,39.0,3.0
4572,246.0,23.0
4573,213.0,23.0
4574,204.0,23.0
4575,138.0,19.0
4576,79.0,12.0
4577,238.0,23.0
4578,98.0,11.0
4579,79.0,13.0
4580,212.0,22.0
4581,17.0,1.0
4582,193.0,23.0
4583,148.0,17.0
4584,66.0,9.0
4585,18.0,2.0
4586,37.0,4.0
4587,192.0,23.0
4588,257.0,37.0
4589,17.0,1.0
4590,56.0,8.0
4591,207.0,22.0
4592,78.0,11.0
4593,382.0,47.0
4594,156.0,19.0
4595,38.0,5.0
4596,224.0,23.0
4597,217.0,23.0
4598,68.0,11.0
4599,210.0,23.0
4600,156.0,21.0
4601,28.0,3.0
4602,146.0,20.0
4603,57.0,8.0
4604,78.0,12.0
4605,56.0,9.0
4606,78.0,11.0
4607,137.0,19.0
4608,68.0,9.0
4609,88.0,13.0
4610,235.0,23.0
4611,68.0,11.0
4612,208.0,23.0
4613,415.0,61.0
4614,210.0,23.0
4615,227.0,23.0
4616,96.0,11.0
4617,57.0,8.0
4618,211.0,23.0
4619,183.0,23.0
4620,204.0,23.0
4621,166.0,22.0
4622,418.0,47.0
4623,230.0,23.0
4624,28.0,2.0
4625,67.0,10.0
4626,88.0,14.0
4627,208.0,23.0
4628,276.0,22.0
4629,138.0,18.0
4630,241.0,22.0
4631,37.0,2.0
4632,128.0,22.0
4633,66.0,10.0
4634,155.0,22.0
4635,278.0,42.0
4636,154.0,21.0
4637,78.0,10.0
4638,210.0,23.0
4639,225.0,23.0
4640,38.0,4.0
4641,57.0,9.0
4642,457.0,65.0
4643,447.0,58.0
4644,128.0,21.0
4645,67.0,10.0
4646,28.0,3.0
4647,501.0,68.0
4648,148.0,21.0
4649,56.0,8.0
4650,213.0,23.0
4651,258.0,40.0
4652,88.0,14.0
4653,236.0,23.0
4654,97.0,13.0
4655,38.0,5.0
4656,238.0,22.0
4657,28.0,3.0
4658,106.0,18.0
4659,214.0,16.0
4660,276.0,46.0
4661,98.0,14.0
4662,256.0,34.0
4663,219.0,23.0
4664,128.0,20.0
4665,17.0,1.0
4666,386.0,53.0
4667,287.0,44.0
4668,37.0,2.0
4669,277.0,34.0
4670,98.0,10.0
4671,56.0,8.0
4672,337.0,45.0
4673,27.0,2.0
4674,208.0,22.0
4675,155.0,20.0
4676,78.0,12.0
4677,277.0,35.0
4678,28.0,3.0
4679,217.0,26.0
4680,37.0,4.0
4681,37.0,3.0
4682,38.0,4.0
4683,278.0,42.0
4684,207.0,27.0
4685,238.0,22.0
4686,176.0,21.0
4687,185.0,22.0
4688,56.0,9.0
4689,86.0,14.0
4690,211.0,23.0
4691,127.0,19.0
4692,17.0,1.0
4693,209.0,23.0
4694,86.0,13.0
4695,206.0,23.0
4696,226.0,32.0
4697,214.0,23.0
4698,66.0,9.0
4699,215.0,22.0
4700,137.0,21.0
4701,277.0,31.0
4702,118.0,19.0
4703,118.0,18.0
4704,58.0,8.0
4705,135.0,20.0
4706,208.0,23.0
4707,76.0,13.0
4708,46.0,6.0
4709,317.0,45.0
4710,212.0,23.0
4711,28.0,5.0
4712,192.0,23.0
4713,501.0,65.0
4714,367.0,50.0
4715,99.0,16.0
4716,207.0,23.0
4717,458.0,57.0
4718,206.0,23.0
4719,77.0,12.0
4720,145.0,23.0
4721,184.0,23.0
4722,146.0,20.0
4723,47.0,6.0
4724,77.0,12.0
4725,219.0,23.0
4726,194.0,22.0
4727,17.0,2.0
4728,28.0,3.0
4729,226.0,23.0
4730,76.0,11.0
4731,66.0,11.0
4732,226.0,23.0
4733,97.0,15.0
4734,207.0,26.0
4735,185.0,21.0
4736,197.0,23.0
4737,127.0,18.0
4738,17.0,1.0
4739,89.0,14.0
4740,188.0,22.0
4741,28.0,3.0
4742,17.0,1.0
4743,28.0,3.0
4744,258.0,39.0
4745,137.0,16.0
4746,56.0,7.0
4747,210.0,23.0
4748,501.0,71.0
4749,79.0,14.0
4750,224.0,23.0
4751,79.0,14.0
4752,137.0,21.0
4753,28.0,3.0
4754,222.0,23.0
4755,97.0,16.0
4756,209.0,23.0
4757,107.0,18.0
4758,355.0,46.0
4759,203.0,23.0
4760,47.0,6.0
4761,87.0,11.0
4762,86.0,9.0
4763,197.0,23.0
4764,108.0,17.0
4765,99.0,15.0
4766,380.0,47.0
4767,209.0,23.0
4768,28.0,2.0
4769,118.0,18.0
4770,227.0,23.0
4771,47.0,6.0
4772,126.0,19.0
4773,230.0,23.0
4774,194.0,23.0
4775,219.0,23.0
4776,38.0,5.0
4777,57.0,7.0
4778,378.0,45.0
4779,147.0,18.0
4780,201.0,23.0
4781,203.0,23.0
4782,386.0,47.0
4783,373.0,47.0
4784,59.0,9.0
4785,48.0,5.0
4786,216.0,23.0
4787,56.0,8.0
4788,207.0,28.0
4789,237.0,38.0
4790,76.0,9.0
4791,115.0,15.0
4792,28.0,3.0
4793,217.0,23.0
4794,208.0,23.0
4795,176.0,22.0
4796,398.0,47.0
4797,226.0,23.0
4798,501.0,70.0
4799,56.0,7.0
4800,37.0,4.0
4801,78.0,12.0
4802,199.0,23.0
4803,207.0,23.0
4804,216.0,31.0
4805,379.0,47.0
4806,254.0,23.0
4807,227.0,23.0
4808,218.0,23.0
4809,234.0,23.0
4810,184.0,23.0
4811,96.0,15.0
4812,225.0,23.0
4813,39.0,5.0
4814,268.0,35.0
4815,212.0,23.0
4816,37.0,3.0
4817,17.0,1.0
4818,147.0,22.0
4819,96.0,17.0
4820,239.0,23.0
4821,96.0,17.0
4822,183.0,23.0
4823,87.0,15.0
4824,212.0,23.0
4825,277.0,39.0
4826,17.0,0.0
4827,222.0,23.0
4828,385.0,47.0
4829,86.0,13.0
4830,37.0,5.0
4831,201.0,22.0
4832,136.0,19.0
4833,364.0,47.0
4834,27.0,3.0
4835,220.0,23.0
4836,27.0,2.0
4837,213.0,23.0
4838,244.0,23.0
4839,402.0,47.0
4840,214.0,23.0
4841,192.0,23.0
4842,48.0,9.0
4843,185.0,22.0
4844,56.0,8.0
4845,37.0,5.0
4846,257.0,41.0
4847,501.0,69.0
4848,155.0,22.0
4849,47.0,8.0
4850,186.0,21.0
4851,370.0,47.0
4852,236.0,35.0
4853,501.0,74.0
4854,326.0,46.0
4855,377.0,55.0
4856,87.0,14.0
4857,501.0,68.0
4858,28.0,3.0
4859,57.0,6.0
4860,221.0,23.0
4861,28.0,3.0
4862,414.0,47.0
4863,219.0,23.0
4864,202.0,23.0
4865,410.0,47.0
4866,156.0,22.0
4867,207.0,30.0
4868,501.0,69.0
4869,222.0,23.0
4870,373.0,47.0
4871,97.0,15.0
4872,344.0,46.0
4873,156.0,22.0
4874,68.0,9.0
4875,316.0,43.0
4876,198.0,23.0
4877,307.0,43.0
4878,217.0,32.0
4879,363.0,47.0
4880,17.0,0.0
4881,232.0,23.0
4882,37.0,4.0
4883,210.0,23.0
4884,96.0,16.0
4885,211.0,23.0
4886,417.0,47.0
4887,279.0,22.0
4888,56.0,8.0
4889,341.0,47.0
4890,28.0,3.0
4891,243.0,23.0
4892,28.0,3.0
4893,417.0,56.0
4894,208.0,23.0
4895,227.0,25.0
4896,17.0,0.0
4897,214.0,23.0
4898,208.0,27.0
4899,37.0,7.0
4900,28.0,3.0
4901,396.0,47.0
4902,67.0,9.0
4903,97.0,16.0
4904,156.0,21.0
4905,217.0,37.0
4906,28.0,3.0
4907,29.0,5.0
4908,206.0,23.0
4909,17.0,1.0
4910,87.0,14.0
4911,402.0,47.0
4912,268.0,40.0
4913,97.0,15.0
4914,66.0,11.0
4915,287.0,46.0
4916,210.0,23.0
4917,212.0,23.0
4918,206.0,23.0
4919,118.0,19.0
4920,212.0,23.0
4921,217.0,23.0
4922,66.0,10.0
4923,117.0,19.0
4924,164.0,22.0
4925,126.0,18.0
4926,137.0,23.0
4927,190.0,23.0
4928,223.0,23.0
4929,17.0,0.0
4930,28.0,3.0
4931,287.0,38.0
4932,87.0,14.0
4933,17.0,2.0
4934,37.0,3.0
4935,192.0,23.0
4936,187.0,27.0
4937,387.0,51.0
4938,48.0,8.0
4939,398.0,47.0
4940,154.0,21.0
4941,57.0,6.0
4942,98.0,16.0
4943,28.0,3.0
4944,137.0,20.0
4945,398.0,54.0
4946,235.0,23.0
4947,203.0,23.0
4948,86.0,13.0
4949,327.0,45.0
4950,374.0,47.0
4951,216.0,23.0
4952,28.0,3.0
4953,237.0,31.0
4954,395.0,47.0
4955,106.0,15.0
4956,398.0,60.0
4957,278.0,38.0
4958,27.0,2.0
4959,66.0,10.0
4960,98.0,14.0
4961,67.0,13.0
4962,38.0,4.0
4963,47.0,6.0
4964,214.0,23.0
4965,212.0,23.0
4966,117.0,17.0
4967,89.0,16.0
4968,360.0,47.0
4969,27.0,2.0
4970,38.0,4.0
4971,377.0,47.0
4972,317.0,45.0
4973,196.0,21.0
4974,375.0,47.0
4975,155.0,21.0
4976,267.0,39.0
4977,501.0,67.0
4978,248.0,39.0
4979,202.0,23.0
4980,219.0,23.0
4981,364.0,48.0
4982,28.0,3.0
4983,236.0,23.0
4984,221.0,23.0
4985,219.0,23.0
4986,87.0,14.0
4987,222.0,23.0
4988,404.0,47.0
4989,366.0,47.0
4990,107.0,17.0
4991,412.0,47.0
4992,215.0,23.0
4993,267.0,38.0
4994,28.0,2.0
4995,47.0,6.0
4996,38.0,4.0
4997,28.0,2.0
4998,501.0,70.0
4999,28.0,3.0
5000,246.0,32.0
